sample_id,tf_mae,spectrum_mae,noisy_spectrum_mae,pred_spectrum_mae,spectrum_mae_improvement,spectrum_mae_improvement_ratio,noisy_noise_floor,clean_noise_floor,pred_noise_floor,noise_floor_reduction,peak_error,noisy_peak_error,pred_peak_error,peak_error_improvement,peak_error_improvement_ratio,clean_peak_mean,pred_peak_keep_ratio,noisy_peak_keep_ratio
210,0.008093826472759247,22.22356672659661,1689.0850177919137,22.22356672659661,1666.8614510653172,0.9868428371026292,1612.2990005587353,65.67691945687993,61.372801784334676,1550.9261987744007,114.76780186368153,1076.88733237794,114.76780186368153,962.1195305142586,0.8934263609450621,758.5466009459533,0.8487003939895597,2.41967195032579
1485,0.014113188721239567,118.96561535770374,1108.5497828148955,118.96561535770374,989.5841674571917,0.8926835608089524,1312.880464733072,301.63505205216546,249.91158599697764,1062.9688787360942,320.98345633523627,993.3690241992323,320.98345633523627,672.385567863996,0.6768739023305209,1168.3636352231376,0.7252709287944126,1.3531464150439292
145,0.002287935698404908,12.732323323232873,63.17097877920686,12.732323323232873,50.438655455973986,0.7984466353175487,88.48673815670176,37.983436260799095,36.70316007399343,51.78357808270833,103.1417288040739,26.967241848795727,103.1417288040739,-76.17448695527818,-2.824704409237903,808.1507233930937,0.872373152905161,0.9666309253110964
331,0.00115960615221411,2.770185188968844,5.916373728181295,2.770185188968844,3.146188539212451,0.5317765042844235,8.676323962050564,4.405714228508322,3.220844130059492,5.455479831991072,19.158149859939613,7.46323276134486,19.158149859939613,-11.694917098594754,-1.5670042021424713,881.2982737569688,0.9885246589969366,1.008468452717522
88,0.0016218534437939525,6.566332091809948,120.48170189795334,6.566332091809948,113.91536980614339,0.9454993414902824,130.42997157127468,16.924934916494244,15.361886690885466,115.06808488038921,37.12624446515857,5.0287430102599915,37.12624446515857,-32.09750145489858,-6.3828080674258,535.6478767758775,0.9306890849850364,1.0078997001934815
1242,0.015779610723257065,125.66560150901608,365.88268603089716,125.66560150901608,240.21708452188108,0.6565412731817428,583.4393910057946,362.4051120713745,302.0852611941848,281.3541298116098,538.2735731480018,187.20004821481325,538.2735731480018,-351.07352493318854,-1.8753922783733978,1476.9013222489427,0.6355385664301871,1.107526571036739
1278,0.005122888367623091,7.239990940288165,1784.5819614932514,7.239990940288165,1777.3419705529632,0.9959430325440306,1661.7041353242635,7.0919717837312355,6.260121483450218,1655.4440138408133,152.69866596462563,581.6015827349121,152.69866596462563,428.9029167702864,0.7374514263758045,822.7115655477637,0.8143958680549745,1.5752234345814184
1603,0.0014947555027902126,5.49953971368949,273.7957521581437,5.49953971368949,268.2962124444542,0.9799137142547304,261.79532772323853,4.64342916056009,4.385824649748636,257.4095030734899,125.5807215149399,231.10678897989806,125.5807215149399,105.52606746495816,0.4566117158684462,771.9815761465501,0.8373267894011239,0.8989313791570774
63,0.0025598069187253714,9.63833469531167,534.6447859764875,9.63833469531167,525.0064512811758,0.9819724517135092,526.4162253628681,22.363085675571742,19.73536629961882,506.6808590632493,125.0528074778991,252.96641451205946,125.0528074778991,127.91360703416036,0.5056545046933986,741.830060995762,0.8314266109544819,1.3410031863261263
875,0.008103171363472939,68.7682148236903,330.7506483681824,68.7682148236903,261.9824335444921,0.792084414156191,449.82636510827086,189.55954432434268,170.46274707256768,279.3636180357032,124.40525998907474,385.34731366816715,124.40525998907474,260.9420536790924,0.6771606922470895,818.192760503349,0.8479511601733789,1.1863528840945856
527,0.0011994345113635063,3.773975597810596,20.59531743504263,3.773975597810596,16.821341837232033,0.8167556479906819,25.668149529418685,6.36276560245032,5.297001778548637,20.371147750870048,48.00176751944389,24.551510663049765,48.00176751944389,-23.450256856394123,-0.9551451712373431,788.3254787656357,0.9391092019572864,0.9688561243745507
807,0.0011524733854457736,2.950237049422345,4.281289097232294,2.950237049422345,1.3310520478099495,0.3108998289021007,7.708903365955736,5.4609723466809585,4.122216801348773,3.5866865646069632,12.22589602633775,6.903441887555573,12.22589602633775,-5.322454138782177,-0.7709855787120699,752.3071135357272,0.983882448064518,0.9908236386930992
155,0.0020174053497612476,4.431449311112345,564.0262346074528,4.431449311112345,559.5947852963404,0.9921431858321332,549.5985448788832,6.840791685725647,6.687120519374484,542.9114243595087,7.320004511653861,418.46915200197674,7.320004511653861,411.1491474903229,0.9825076604174177,26.503761386726968,0.723812616449237,16.789047671231497
1755,0.0012629281263798475,2.9930303082411367,0.0,2.9930303082411367,-2.9930303082411367,0.0,34.846684558319545,34.846684558319545,34.299949223032634,0.5467353352869111,8.366691426972068,0.0,8.366691426972068,-8.366691426972068,0.0,143.04352382037612,0.9569169125198246,1.0
746,0.0013436708832159638,3.586246879733662,177.199131996882,3.586246879733662,173.61288511714832,0.9797614873203963,170.21027618552063,4.228308741339012,3.9735449414284885,166.23673124409214,54.15143411913011,52.7058394320567,54.15143411913011,-1.4455946870734095,-0.02742760010372155,432.1059877061218,0.8746802042559085,0.8780256674714206
1223,0.008344666101038456,66.85703597785297,193.1482441951767,66.85703597785297,126.29120821732371,0.653856361695456,316.9593321501802,216.76208288017165,192.74822953956115,124.21110261061906,127.53014256162305,215.50247528750563,127.53014256162305,87.97233272588258,0.40821959287714515,961.1295087570597,0.8673122181769802,1.224217936629784
587,0.003982661757618189,10.720602875431405,1195.695235352212,10.720602875431405,1184.9746324767805,0.9910340005057614,1161.5988790305064,9.051267733901621,10.36108104521767,1151.2377979852888,210.77269975555075,750.1479511657949,210.77269975555075,539.3752514102441,0.7190251610659047,803.0779965743844,0.7375439239343818,1.691027071217573
196,0.004686548374593258,6.810763228657008,1791.3313318101896,6.810763228657008,1784.5205685815326,0.9961979321704967,1730.231443866145,7.717629591411601,8.070234390415262,1722.1612094757297,248.3292946695329,532.5785562392189,248.3292946695329,284.2492615696859,0.5337226935626176,782.0390309330883,0.6824592061943003,1.408368862498432
958,0.008099468424916267,61.54386554875964,206.11185302657543,61.54386554875964,144.5679874778158,0.7014055007267129,320.17091000508015,201.19932830072807,179.6387679436551,140.53214206142505,167.4166537656088,348.96114832596226,167.4166537656088,181.54449456035346,0.5202427130677997,732.137871939723,0.7713317939392266,0.8592317670765612
1519,0.0032143176067620516,8.946641227092112,1000.529984797567,8.946641227092112,991.5833435704749,0.9910580978451113,976.1713091334303,12.518518901975916,11.530004057440278,964.6413050759901,168.09775816326095,1047.1365349200669,168.09775816326095,879.0387767568059,0.839469111660694,780.5610083638772,0.7846449459272785,2.3415178617683647
317,0.001987070543691516,2.842668159072211,362.09999816740867,2.842668159072211,359.25733000833645,0.9921494941357112,350.5223988545732,2.5709733353975617,3.748424802816812,346.7739740517564,8.227240037636285,359.60028710165085,8.227240037636285,351.37304706401454,0.9771211527556132,10.065192094241292,1.0618093753754416,36.72711615781212
855,0.0038588466122746468,17.621257950958046,423.33195594461785,17.621257950958046,405.7106979936598,0.9583748457835218,452.2767972886222,56.75333996625823,52.58926917826274,399.6875281103595,94.59272708621985,460.42865566269734,94.59272708621985,365.8359285764775,0.7945550826977265,744.4339285766094,0.8729333478028258,1.6184949906072352
322,0.0009723703842610121,1.7791602064059386,69.13869489335394,1.7791602064059386,67.35953468694801,0.9742667950393007,68.30678141566976,1.5941054904061858,2.250396131548096,66.05638528412166,13.537517756824508,73.87021466594011,13.537517756824508,60.332696909115604,0.8167391577505954,55.59542574443888,0.7564994318227943,2.328710297237525
428,0.0052596647292375565,24.023004859493255,431.027308041047,24.023004859493255,407.0043031815537,0.9442657010093534,471.84597849978655,58.789016266610304,54.855337676678204,416.9906408231084,189.27991202475187,209.10516249908497,189.27991202475187,19.825250474333103,0.0948099522622731,761.7736501767904,0.7515273572657387,0.7514026070027124
1136,0.002765829209238291,14.430534296250041,41.386036311368095,14.430534296250041,26.955502015118054,0.6513187639501925,68.90642807172982,45.026754851634145,43.66382687513831,25.242601196591508,69.82625635217907,46.598568686017664,69.82625635217907,-23.22768766616141,-0.49846354343349375,726.8174043124751,0.903928750277753,0.9358868287832249
1377,0.015366710722446442,134.50240641326644,1239.804818713058,134.50240641326644,1105.3024122997915,0.891513241130259,1480.730596538397,340.6370596606435,283.9955265296924,1196.7350700087047,333.71298905858094,333.10311355040415,333.71298905858094,-0.609875508176799,-0.0018308910465483072,1232.0126906724372,0.7291318575002347,0.7296268812226315
60,0.018907733261585236,160.23754648206366,1352.0084416718703,160.23754648206366,1191.7708951898067,0.8814818446814454,1631.3054323938516,371.93710775275423,293.48601318723234,1337.8194192066192,374.84918614890563,1408.4295153100873,374.84918614890563,1033.5803291611817,0.7338530738853646,1303.934126752163,0.7125244454774877,1.7998618037613594
370,0.004310451913625002,24.07349276014194,450.82561144606166,24.07349276014194,426.7521186859197,0.9466013195591879,483.4397112834543,64.81006637534063,59.64624862884568,423.7934626546086,200.06025520248053,220.8034877363559,200.06025520248053,20.743232533875357,0.09394431558365247,794.9688792036496,0.7483420289321409,0.7620033827211659
1888,0.0018240080680698156,9.223387222099241,26.246128913187135,9.223387222099241,17.022741691087894,0.6485810439853081,44.00136315600527,30.266416635514123,29.731109457829692,14.270253698175576,53.15256912314138,40.02958171707155,53.15256912314138,-13.122987406069832,-0.3278322391381179,838.88900763208,0.9366393305436505,0.952282624575017
1378,0.0036120505537837744,16.828423796857756,343.56465900025296,16.828423796857756,326.7362352033952,0.9510181756009853,371.18184101419405,46.47527957287615,42.65116504954169,328.53067596465235,37.477980933672455,320.92110007679224,37.477980933672455,283.4431191431198,0.8832174608503323,200.68305908937467,0.8132479088980723,2.5991439513280947
1332,0.004713565576821566,30.07962498457178,60.126911822614304,30.07962498457178,30.047286838042524,0.49973108425537754,132.87185638107894,114.13979773953953,108.95065584608237,23.921200534996572,43.388118777769215,52.61798217010323,43.388118777769215,9.229863392334018,0.17541272036042255,455.7750860842022,0.9048036628097887,0.9470764541274962
685,0.0018730267183855176,7.612212789800495,511.0371855641994,7.612212789800495,503.4249727743989,0.9851043857378081,492.3541680795897,11.820791823072684,9.61500536878231,482.7391627108074,222.4501634867388,211.7471311030985,222.4501634867388,-10.703032383640306,-0.05054629230574585,755.6593838978407,0.705621119479392,0.7436536297612946
634,0.0005248108063824475,1.4516388644457026,4.357003219641081,1.4516388644457026,2.9053643551953785,0.6668263043961475,5.4946039815229595,1.4483697873813501,1.4180517448316368,4.076552236691323,17.174045338781525,3.4564897054881762,17.174045338781525,-13.71755563329335,-3.9686377805531334,749.115860429364,0.9770742467941634,1.0046140922760693
536,0.015546638518571854,133.82322235945134,354.41318913175587,133.82322235945134,220.58996677230454,0.6224090229618924,552.2411600391353,364.0584963492531,300.8949650512275,251.34619498790778,300.93660682860343,522.0966398020352,300.93660682860343,221.16003297343173,0.4235998014798364,1408.9643739574028,0.7864129055418533,1.1888092584777779
1487,0.0009805074660107493,2.48104176942217,0.0,2.48104176942217,-2.48104176942217,0.0,25.122095320591523,25.122095320591523,24.572028686860374,0.5500666337311486,23.08946149096759,0.0,23.08946149096759,-23.08946149096759,0.0,884.7985970476847,0.9831862249265101,1.0
342,0.0014856943162158132,4.776304048404629,244.36603700234247,4.776304048404629,239.58973295393784,0.9804543049148895,236.5861091296898,3.460942360679437,3.8118951318101746,232.77421399787963,137.16797692717526,37.46361444737064,137.16797692717526,-99.70436247980462,-2.6613652726933377,773.9671139666303,0.8227728614667092,0.9804265256759926
712,0.0017429516883566976,7.162361242199294,38.972717639559846,7.162361242199294,31.81035639736055,0.8162211496657592,53.634369128065096,22.41254705075189,21.27008916158792,32.36427996647718,32.49275433002689,53.76988852159868,32.49275433002689,21.27713419157179,0.3957072401782093,763.1435606831651,0.9574224877152349,1.0704584186931538
1190,0.001737446989864111,6.021324073842769,20.285340464638658,6.021324073842769,14.264016390795888,0.7031686954261811,32.048562949719525,21.22936127521714,20.02851671563408,12.020046234085445,6.3104189751363196,29.785761042293455,6.3104189751363196,23.475342067157136,0.7881397434775624,81.82673412306444,0.9228807181080246,1.0813295722665268
1184,0.005192080046981573,35.717576251482384,111.6198717456974,35.717576251482384,75.90229549421501,0.6800070122562277,177.98593953952013,115.27785565618883,112.72233797254049,65.26360156697964,91.38926368452114,172.06258233527896,91.38926368452114,80.67331865075782,0.46886032718931775,484.4835907080126,0.8113676800674154,0.87794735128864
1678,0.0033372053876519203,12.772772013742477,586.9294001400795,12.772772013742477,574.156628126337,0.9782379754520832,590.7545185426945,23.295194699982183,20.94713490274975,569.8073836399448,162.6821795092898,169.59424158312558,162.6821795092898,6.912062073835784,0.040756466783973204,767.9587286543368,0.7881628615715438,1.0996392057204245
1552,0.001443800632841885,6.870526523617933,18.989042714754675,6.870526523617933,12.118516191136742,0.6381846822494393,30.404669130925214,20.70266845020439,19.55010029662368,10.854568834301535,26.140358025812947,21.28586917464308,26.140358025812947,-4.854488851169869,-0.2280615750919304,761.1483871939726,0.9656566860475377,1.0279654657787753
1402,0.005269131623208523,18.478343784613358,961.9029606493397,18.478343784613358,943.4246168647263,0.9807898046470931,967.5126486682279,38.911117856120555,34.39112161391233,933.1215270543156,17.0955042643067,848.7918303524475,17.0955042643067,831.6963260881408,0.9798590141269291,149.47897243744305,0.8856327148525108,6.678335999450805
1180,0.0011703642085194588,3.7948640861112475,4.379559586359488,3.7948640861112475,0.5846955002482401,0.13350554746859117,10.362577676803019,9.308031191085384,8.624585928080572,1.7379917487224468,25.3564571873704,5.770890157082628,25.3564571873704,-19.58556703028777,-3.3938554533481033,778.9081757989925,0.9938988037904004,0.9977180721043661
301,0.0010099028004333377,2.2989243248044975,5.191255570877475,2.2989243248044975,2.8923312460729775,0.5571544699703714,7.777540558366644,3.4614713181736976,2.463338273971617,5.3142022843950265,16.615579574560872,1.4064651911967871,16.615579574560872,-15.209114383364085,-10.813715460972318,746.1537888698043,0.977731695767801,0.9998270406638685
835,0.005814038682729006,6.2591385980655545,1733.7644804068227,6.2591385980655545,1727.505341808757,0.9963898564835075,1589.6398743892485,7.988722881248832,6.8535669686287815,1582.7863074206198,135.94625940374408,1526.142932036534,135.94625940374408,1390.1966726327898,0.9109216728328761,795.4434499306484,0.829093747122317,2.918606447975141
1636,0.016914652660489082,147.66602241985626,1327.6007191155095,147.66602241985626,1179.9346966956532,0.8887722639091096,1568.3155445756065,363.71172263475574,289.5992234363022,1278.7163211393042,478.9390139819666,782.1614647091765,478.9390139819666,303.2224507272099,0.3876724492428864,1519.4100658029092,0.6847862043556499,1.389976124153459
1639,0.0028179718647152185,6.637835901373199,996.0047055017428,6.637835901373199,989.3668696003696,0.993335537608701,958.7053801355802,12.15544904887567,11.38267168441606,947.3227084511641,11.854683429979824,905.5800842543887,11.854683429979824,893.7254008244089,0.986909293130336,44.18695027824101,0.7317152834641899,21.49428798665754
1511,0.0016982388915494084,4.254432626901226,0.0,4.254432626901226,-4.254432626901226,0.0,52.62136096477329,52.62136096477329,52.13472032873009,0.48664063604319807,4.045641262035379,0.0,4.045641262035379,-4.045641262035379,0.0,222.6173958985747,0.9986001293341084,1.0
1459,0.0005086566670797765,1.8120749124321038,0.3510768567385272,1.8120749124321038,-1.4609980556935767,-4.161476405098641,1.4887354358849128,1.410301212935516,1.5179635220352934,-0.02922808615038064,10.23925695749214,0.23406874177739687,10.23925695749214,-10.005188215714742,-42.74465757255976,749.1991913293191,0.9955328202482177,1.0001325082500936
10,0.0013115977635607123,4.311204758054622,150.7821806553019,4.311204758054622,146.47097589724726,0.9714077304140446,153.26930767965376,10.281820507588922,8.80375690524594,144.46555077440783,12.03387570237367,100.81335555437295,12.03387570237367,88.77947985199927,0.8806321281917524,42.17957578596893,0.7146989869353606,3.390098849403521
980,0.004217192996293306,23.86765871394179,115.18229346895998,23.86765871394179,91.31463475501819,0.7927836128703776,160.13034174549148,69.30763851667915,68.1029175491019,92.02742419638957,165.63528221659044,157.4891687045006,165.63528221659044,-8.14611351208984,-0.05172491276129929,723.3324960282785,0.7710108655064282,0.7822727866240595
1371,0.0006286025745794177,1.6445980153383697,4.86711836568728,1.6445980153383697,3.22252035034891,0.6621002630770952,6.5024957176292215,2.282208856770744,2.3018598434669695,4.200635874162252,7.084870984849336,6.900159804832906,7.084870984849336,-0.18471118001643028,-0.02676911625830139,697.6252455425489,1.0101556975326194,1.0098909261798097
486,0.0023366690147668123,11.284558969662527,201.05245478322038,11.284558969662527,189.76789581355786,0.9438725630988698,213.56688138907828,27.510466094672232,25.28352757463487,188.28335381444342,145.5205262479235,102.16534702469481,145.5205262479235,-43.35517922322869,-0.42436286359159653,782.8311821103425,0.8141099517067886,0.8694924916643213
1643,0.0012350586475804448,3.5123792240152203,43.16990573294105,3.5123792240152203,39.65752650892583,0.9186382466122672,45.81842846281962,6.5644013644654065,5.164950925926957,40.65347753689266,5.372867507975097,53.27351403146059,5.372867507975097,47.9006465234855,0.8991456147457786,568.0560121885854,0.9914424192382781,1.0937821498028168
1750,0.005492460913956165,23.614548670124137,929.8718215607696,23.614548670124137,906.2572728906455,0.9746045120170567,941.7549451987552,65.97430208280444,60.125057535687915,881.6298876630673,44.17098299984581,667.8610413088189,44.17098299984581,623.6900583089731,0.9338620157970539,230.75584913725348,0.8085813071911652,3.8942323403970383
120,0.010657399892807007,80.18953227089469,1496.3992608735784,80.18953227089469,1416.2097286026838,0.9464116734299367,1580.7518610434863,204.10677402178348,178.24483000294555,1402.5070310405408,213.87628353384187,464.5558679920946,213.87628353384187,250.67958445825272,0.5396112754785364,1004.8779480351162,0.7871619295138839,1.4623007887678916
1059,0.006031126715242863,42.50266995452711,420.34262672693575,42.50266995452711,377.83995677240864,0.8988856536262314,500.7180594889754,118.4755059110592,108.64797862572827,392.07008086324714,89.97779072695742,325.778280606872,89.97779072695742,235.80048987991455,0.7238066621281706,463.4363405975121,0.805846493153842,1.1203902704202457
1396,0.004088167566806078,24.920189568040612,48.95841746940367,24.920189568040612,24.038227901363058,0.4909927473939621,110.51939144597588,93.29811619271617,88.20532517804868,22.314066267927203,63.41692838072222,63.606426773924134,63.41692838072222,0.18949839320191586,0.0029792334330530565,363.7794635375219,0.8256720493124233,0.8251511337242834
1677,0.007304276339709759,11.423964420010488,1733.842875518923,11.423964420010488,1722.4189110989125,0.9934111881870545,1613.867385446157,35.87257517121929,32.92725416241818,1580.9401312837388,29.094252352851925,1644.8898609460903,29.094252352851925,1615.7956085932383,0.9823123401489521,143.26017571764461,0.7969131881410325,12.481836125819422
1593,0.0015069787623360753,4.874278912179918,147.7809260966843,4.874278912179918,142.90664718450438,0.9670168604235774,150.0663490741732,6.352933099147703,5.13952513459603,144.92682393957716,107.17599399868196,82.98070533180022,107.17599399868196,-24.195288666881737,-0.2915772837810468,748.8039953235465,0.856870429821394,0.889182341640758
1025,0.0018158977618440986,7.01010092155206,164.30801513251188,7.01010092155206,157.29791421095982,0.9573356119243572,171.54010499283433,12.394273578977737,10.956139713411865,160.58396527942247,117.51236331583603,60.87894344499065,117.51236331583603,-56.63341987084538,-0.9302628571735733,788.778880530895,0.851019891358218,0.9311656612640432
1442,0.0057759881019592285,35.80102393971238,200.7918072975025,35.80102393971238,164.99078335779012,0.8217007734450644,274.35491285284644,117.5009639633274,111.37581207374707,162.97910077909938,120.39471049975589,216.63776129832794,120.39471049975589,96.24305079857206,0.4442579641784494,791.998741716986,0.8479862351311944,1.2735329614649082
1759,0.0011589627247303724,2.4548127920233,2.8763845527315914,2.4548127920233,0.4215717607082916,0.1465630735319939,6.537876277624677,5.541096767443523,4.854301148516607,1.6835751291080694,9.163539297358392,3.6044169593294435,9.163539297358392,-5.559122338028949,-1.5423083402268627,22.69944666105448,0.5963100143282212,0.8412112412628299
1073,0.0016951776342466474,6.849534817288925,37.289655640875516,6.849534817288925,30.44012082358659,0.8163154177862473,51.69417301818544,21.881467926026133,20.706043649076513,30.988129369108925,13.901327186132619,4.907775287152599,13.901327186132619,-8.99355189898002,-1.8325109388204923,559.7662367589608,0.9751658348195114,0.9986453474076948
415,0.001141407759860158,3.735062639969787,23.869011089403386,3.735062639969787,20.1339484494336,0.8435183332070275,29.19133641293504,7.0547883978754085,5.588636437273192,23.60269997566185,40.665678540628356,6.365157773827491,40.665678540628356,-34.300520766800865,-5.388793488802291,781.7609876538421,0.9479819546090795,0.9918579234902346
1140,0.000755258952267468,1.4991490524907056,1.278526834525538,1.4991490524907056,-0.22062221796516757,-0.17255970857040367,2.730602538487051,2.2442216968993614,1.643032203316087,1.0875703351709642,5.662155336293504,1.5421291768076013,5.662155336293504,-4.120026159485903,-2.6716478888071284,11.188464596029474,0.4939291904000062,0.908419633408986
352,0.0018992717377841473,5.025955119889163,0.0,5.025955119889163,-5.025955119889163,0.0,67.4802505649223,67.4802505649223,67.77833323260703,-0.29808266768472436,10.255578568249755,0.0,10.255578568249755,-10.255578568249755,0.0,241.59148949307425,0.9940665376028611,1.0
333,0.006677092984318733,37.68060419950022,853.951846580154,37.68060419950022,816.2712423806538,0.9558750246276757,911.2165563143691,118.84088446795346,107.8383707313679,803.3781855830011,64.81591273595429,837.6301876605324,64.81591273595429,772.8142749245782,0.9226198939689811,698.479628268466,0.9072042904148353,2.1992192094950878
378,0.006643916945904493,43.3203523655027,848.2112761761468,43.3203523655027,804.8909238106442,0.9489274033695982,921.0022553846666,116.77640120277127,111.85777784663809,809.1444775380285,28.335771534506858,937.2815838374205,28.335771534506858,908.9458123029136,0.9697681336930846,469.3452199806026,0.9412193146419874,2.9969982518968807
1892,0.004409974906593561,16.188407029319897,716.0122024323907,16.188407029319897,699.8237954030708,0.9773908782918423,722.8607307006789,53.01921089004374,47.58892684854308,675.2718038521358,44.087110847883366,381.17268579182723,44.087110847883366,337.08557494394387,0.8843382212544972,183.29284852618352,0.7594717349728706,3.0795829671302006
424,0.0017273381818085909,8.85977602010122,68.18254289664833,8.85977602010122,59.32276687654711,0.8700579995449723,82.01785074274163,20.10184703869949,18.7142359569517,63.30361478578993,92.61062171183191,74.16697913081005,92.61062171183191,-18.443642581021862,-0.2486772792578268,761.697718829876,0.878415519145704,0.9026293800055675
653,0.0036328958813101053,6.871772829837146,963.8525094057229,6.871772829837146,956.9807365758858,0.9928705141473626,893.8708945820837,12.336407946530949,10.986889093673918,882.8840054884098,169.17188106102967,455.4366294683818,169.17188106102967,286.26474840735216,0.6285501206644288,753.6841196519845,0.7755400748802495,1.6042805169872507
1037,0.0012344741262495518,3.332093988105514,47.66476117278452,3.332093988105514,44.33266718467901,0.9300931357648748,51.68321608954513,6.8036761201148295,5.2334761925124615,46.449739897032664,16.598356912321776,32.967406481623044,16.598356912321776,16.369049569301268,0.49652221136733443,340.91657274783523,0.9746570409164234,1.0417465485144368
1607,0.0014582639560103416,6.60006500131961,17.771718665067866,6.60006500131961,11.171653663748256,0.6286197679747928,28.552071665068553,20.054108099623033,18.809619106174576,9.742452558893977,25.982771662779044,18.71295311683347,25.982771662779044,-7.269818545945572,-0.38849124991425943,746.8911968622486,0.9652121061649478,1.0250544566537243
927,0.0010329876095056534,3.544082117009588,6.330412298939189,3.544082117009588,2.7863301819296007,0.4401498749767873,14.192929621394113,12.012465938745937,10.907397553472059,3.2855320679220537,21.17160328120887,6.774000225105776,21.17160328120887,-14.397603056103094,-2.125421106828835,770.0894835081161,0.9725076062787373,1.0087963806416977
495,0.004676015116274357,30.275846440360368,287.5801674269637,30.275846440360368,257.30432098660333,0.8947220640726224,343.6948382542405,79.96410938378274,76.70304943270641,266.9917888215341,200.4971718447447,375.6587948336259,200.4971718447447,175.1616229888812,0.46627850964186224,854.0104031047331,0.7652286539884733,0.56012386562514
1483,0.005158185493201017,32.74467749362565,363.95896245470726,32.74467749362565,331.2142849610816,0.9100319517541746,437.33906122834134,102.19167338533245,97.82653525588525,339.5125259724561,192.96465372393627,463.5843958404998,192.96465372393627,270.61974211656354,0.5837550714491102,822.9436147953969,0.7655189854387389,0.7335335382954057
1529,0.0006169050466269255,1.6828639036679318,5.648764952284508,1.6828639036679318,3.965901048616576,0.7020828591943203,7.131588245046448,2.0817533042805345,1.7979496601860914,5.333638584860356,22.96076828947027,7.761078827628769,22.96076828947027,-15.199689461841501,-1.958450596807743,748.8423575779034,0.9693383152580527,0.9896358976637866
1164,0.001527045969851315,3.6204808377550446,0.0,3.6204808377550446,-3.6204808377550446,0.0,46.44448680196686,46.44448680196686,46.20786877267724,0.23661802928962317,9.962333946778719,0.0,9.962333946778719,-9.962333946778719,0.0,307.0674745138271,1.0324434685326143,1.0
618,0.0020814368035644293,4.06575076848383,555.2585527555239,4.06575076848383,551.1928019870401,0.9926777340964725,527.5199709370986,6.849972367347278,6.1272279436396,521.392742993459,54.64178501368672,433.2551545581669,54.64178501368672,378.6133695444802,0.8738808195613729,275.2313492349743,0.8014696175941892,2.5741490050549527
453,0.006791974883526564,23.753183514276525,910.4141891518047,23.753183514276525,886.6610056375282,0.9739094757119214,926.7635088774666,70.83136850877852,65.66868634071899,861.0948225367476,51.714526681730526,672.8763350398639,51.714526681730526,621.1618083581334,0.9231440845981502,301.4052286059835,0.8284219324232921,3.232464042352402
1258,0.0011636897688731551,2.5420572035180378,2.0020356647449273,2.5420572035180378,-0.5400215387731104,-0.26973622312663087,4.662878315339758,4.225581227405956,3.1056256977114156,1.5572526176283423,5.3255906424868344,0.13021719813229993,5.3255906424868344,-5.1953734443545345,-39.897751747630636,359.6531165645538,1.011846347820326,1.000111567728836
877,0.0057427664287388325,13.418211007173854,1735.1787254441958,13.418211007173854,1721.760514437022,0.9922669573972913,1656.6904653137142,37.402719352807864,34.396189589971364,1622.2942757237429,6.909553324613417,1962.6698654882882,6.909553324613417,1955.7603121636748,0.9964795132150794,144.51376812719317,0.9666778161413835,14.581196386498295
985,0.0020401161164045334,7.1345971558443315,554.5459394381419,7.1345971558443315,547.4113422822976,0.9871343442473441,542.5535842153482,12.404586653865167,11.029984923457915,531.5235992918903,173.3869726474767,324.16783716458553,173.3869726474767,150.78086451710882,0.46513209279474205,768.3386904652865,0.7743352315858544,1.4219074754237322
824,0.0019841527100652456,4.390645585492937,559.6655608116932,4.390645585492937,555.2749152262003,0.9921548762458688,538.7198557701383,6.753049529308059,6.5203619315226975,532.1994938386157,3.689621545141867,585.8641208139728,3.689621545141867,582.1744992688309,0.9937022572059615,29.926095007204683,0.9328302270139082,20.577032040863557
1116,0.002357456600293517,8.11153812167041,155.498770564219,8.11153812167041,147.3872324425486,0.9478353552749124,169.61488339962196,20.356624990856407,18.569241813483423,151.04564158613854,12.934551532265395,156.45586502117246,12.934551532265395,143.52131348890705,0.9173277938125552,87.32831567570751,0.8518859383444691,2.791582304211261
4,0.009235497564077377,72.72551112013925,762.2230551854212,72.72551112013925,689.497544065282,0.9045876261215324,919.4240709101549,213.983656830162,190.2841069036777,729.1399640064772,297.9496245166374,455.2126408682553,297.9496245166374,157.26301635161786,0.3454715494096569,931.9933141887926,0.6803092683385042,1.4884290841340126
1010,0.0008490479085594416,1.86564549069108,0.0,1.86564549069108,-1.86564549069108,0.0,10.950409522041893,10.950409522041893,10.113479481906596,0.8369300401352966,13.27945771255825,0.0,13.27945771255825,-13.27945771255825,0.0,408.8664984176567,1.0324787131348514,1.0
1425,0.0028136984910815954,15.274807639319679,268.4132056169916,15.274807639319679,253.13839797767193,0.9430921902511912,289.9359774439141,36.92110308451636,35.55449701299305,254.38148043092104,124.25945074154436,8.352310789589373,124.25945074154436,-115.90713995195499,-13.877254196099349,748.3082387786116,0.833946167765892,0.9904296294383798
95,0.0018118080915883183,8.325337190290346,14.696982728613674,8.325337190290346,6.371645538323328,0.4335342604654709,32.33460302261507,28.587215030545067,27.881467159313427,4.453135863301643,16.175257471876204,2.243179207359958,16.175257471876204,-13.932078264516246,-6.210862787424453,189.93628107755578,0.9148385059446782,0.9924108177985351
1887,0.007173233199864626,52.65445558975955,271.6286405698138,52.65445558975955,218.97418498005425,0.806152784627929,374.1166905608884,151.33421572744834,142.662938847375,231.4537517135134,195.60626649047768,437.68500920549326,195.60626649047768,242.07874271501558,0.5530889512401818,940.7125532383089,0.7920658485770997,0.5347303406350788
99,0.002779357833787799,13.553318328453507,133.26287509874433,13.553318328453507,119.70955677029082,0.8982963685992003,161.34457776005675,36.93545307709906,34.06595831365893,127.27861944639781,70.06521591759918,110.22190970548479,70.06521591759918,40.156693787885615,0.3643258758189286,742.8600054870955,0.9056818035698972,1.1483750759111226
373,0.0006535804131999612,1.021970876405974,13.493481511999914,1.021970876405974,12.47151063559394,0.9242618833770126,13.654008133021602,0.7074602879176813,1.301528539166419,12.352479593855183,4.475472883192983,9.889877234162242,4.475472883192983,5.414404350969259,0.5474693186550871,3.962985369396229,2.1293185480204873,3.4955623885305918
1181,0.004322209861129522,23.400146204827834,484.4330204091857,23.400146204827834,461.0328742043579,0.951695806811306,519.8091207435322,66.43112185681352,62.094522110744066,457.7145986327881,100.27771593217373,349.24327833752494,100.27771593217373,248.9655624053512,0.7128714504985814,689.5705682235692,0.8545794722786628,1.5064648847140107
1403,0.00331710372120142,16.866576705126725,187.66792859804144,16.866576705126725,170.8013518929147,0.9101254176399389,224.45439059554064,51.3136884696856,48.775942846793484,175.67844774874715,49.43163142477234,149.66510975910435,49.43163142477234,100.233478334332,0.669718403278254,498.2688304148581,0.9007932497330496,1.3003702030377726
1811,0.003711604280397296,5.9720363458594985,1370.6373287717613,5.9720363458594985,1364.6652924259017,0.9956428763316908,1301.2569942840703,5.935228460769495,6.073811389861576,1295.1831828942088,118.50438634155825,601.4892797975286,118.50438634155825,482.9848934559704,0.8029817150166852,600.7629297424927,0.8027435108348759,2.001209046063057
1283,0.014509191736578941,124.86999662399583,191.28106092742533,124.86999662399583,66.4110643034295,0.3471910077319509,411.38950385469565,358.27285210129315,308.6699133878521,102.71959046684356,228.253057912486,206.00025247242579,228.253057912486,-22.25280544006023,-0.10802319498632111,1520.228388006505,0.8498560744469472,1.1355061213812463
1350,0.0012370299082249403,5.73894791235667,14.711400034541901,5.73894791235667,8.972452122185231,0.6098979091805129,23.758396785483516,16.84254013256746,16.03177935721576,7.726617428267755,26.014427359078486,6.004018370815952,26.014427359078486,-20.010408988262533,-3.3328360695110764,735.0237708288579,0.9646073659226788,0.9918315317012872
737,0.0007387794903479517,1.596925057717712,1.1943007312314735,1.596925057717712,-0.4026243264862386,-0.33712139326171436,2.7624086739070695,2.3535708573764245,1.5640345812504253,1.1983740926566442,5.314908030181013,1.0485719380969492,5.314908030181013,-4.266336092084064,-4.068710917275764,8.874393474938907,0.4010961937635291,1.0188678698538205
1232,0.0009227499249391258,1.7242796992604306,2.159763599856267,1.7242796992604306,0.43548390059583664,0.2016349847848247,3.8497364447660005,2.845465210109126,2.033909189655076,1.8158272551109245,8.307805011446321,1.7589122436996718,8.307805011446321,-6.54889276774665,-3.723262937764194,14.245008345212014,0.4167918466514123,0.9445888770152523
1321,0.0005096496897749603,1.553611560033887,0.7463716456370129,1.553611560033887,-0.807239914396874,-1.081552225510806,2.0862423338458425,1.8832875341585351,1.7170104472151635,0.36923188663067896,4.886013225978256,0.3553026303138722,4.886013225978256,-4.530710595664384,-12.75169449677865,675.9819196192852,1.0016840971971013,1.000525609664995
571,0.0005205859779380262,1.9393018175404433,0.36194644019543015,1.9393018175404433,-1.577355377345013,-4.357980082614799,1.3051989018862022,1.1783419912252004,2.025054485229416,-0.7198555833432139,20.388019618345805,0.23346144453986048,20.388019618345805,-20.154558173805945,-86.32927896736636,839.7315291161655,0.989950703864099,0.9997219808516828
971,0.0005726775852963328,2.2003025463612618,1.3685770478346582,2.2003025463612618,-0.8317254985266036,-0.607730123665706,3.2127353756202104,2.6030989841344687,2.185085234104519,1.0276501415156916,20.42519477015234,0.9297508613801332,20.42519477015234,-19.49544390877221,-20.968460174194345,854.9894878442365,0.9976126121695457,1.0001312599081416
1706,0.0012783536221832037,5.495681288314473,25.00620719013144,5.495681288314473,19.51052590181697,0.7802273153010061,34.228152038522104,14.404579116200358,13.291789352126079,20.936362686396023,30.136266715902064,35.13052815384655,30.136266715902064,4.994261437944484,0.14216300466856624,788.7405989704258,0.9617919164358472,1.0445400277349788
1635,0.003872212255373597,21.118112307143797,43.17123458598826,21.118112307143797,22.053122278844462,0.5108290853929405,94.34606752750943,78.90582634637212,78.13798612724916,16.20808140026027,128.6467623272554,42.8466076881067,128.6467623272554,-85.8001546391487,-2.0024958630030585,888.2466425318561,0.8551677471467147,1.0482372863982652
795,0.0005543163861148059,2.027048986932246,23.436652165336195,2.027048986932246,21.409603178403948,0.9135094478241932,24.594166058397573,1.8936402309835232,1.610858287144058,22.983307771253514,40.08953546586044,13.399214718282016,40.08953546586044,-26.690320747578426,-1.9919317145624884,750.8622117729574,0.9466086655616882,0.9821548953880055
944,0.0012495492119342089,3.7752896163842795,47.1781002562489,3.7752896163842795,43.40281063986462,0.9199779220469093,51.88934988053445,6.888138776797807,5.512596354365146,46.37675352616931,29.919834987132106,9.961426325419183,29.919834987132106,-19.958408661712923,-2.003569369457045,316.39634405506035,0.9054355856212885,1.031484012102509
395,0.004928443115204573,35.33584823092926,59.915092856040374,35.33584823092926,24.579244625111116,0.41023460790035554,129.8795309150828,114.5498968766191,110.34468170923932,19.53484920584347,47.019796447442864,3.8048860005150877,47.019796447442864,-43.214910446927775,-11.35774118884969,629.3150587377245,0.9252841707907723,0.9957841335937737
584,0.00463890889659524,25.37493020056995,464.8392167091249,25.37493020056995,439.46428650855495,0.9454113824986319,496.50071080140566,67.21519227936174,61.86177005039005,434.63894075101564,120.512087203455,363.4114949019777,120.512087203455,242.89940769852268,0.668386694163429,798.7289183063799,0.8491201652508237,1.4549872761243619
405,0.0003987212257925421,0.9978430855257473,0.0,0.9978430855257473,-0.9978430855257473,0.0,1.3914224486748388,1.3914224486748388,1.5325933862666865,-0.14117093759184773,2.400292190211546,0.0,2.400292190211546,-2.400292190211546,0.0,5.176973961963565,1.2940024989643664,1.0
1875,0.008253339678049088,66.6237148263794,364.6490289844939,66.6237148263794,298.0253141581145,0.817293590464456,493.24048625345193,204.90435451351632,184.56793277513395,308.672553478318,160.6999864470923,196.5945403214162,160.6999864470923,35.89455387432389,0.18258164146185948,905.0694951155882,0.822444588714628,1.2172148562981993
190,0.004346051719039679,14.523297134668875,961.7761184785486,14.523297134668875,947.2528213438798,0.9848995032673056,934.0190155904096,36.63901423070274,32.40556095791768,901.6134546324919,125.00280249492339,1064.8936145633463,125.00280249492339,939.890812068423,0.8826147506329258,816.6998021159237,0.8469415540801365,2.303898460369889
1022,0.0038653076626360416,25.550192757200165,66.72998652397857,25.550192757200165,41.1797937667784,0.6171107760074396,110.92892711675559,73.63460751037152,72.92154602007592,38.007381096679666,120.80519677432123,99.2618801183507,120.80519677432123,-21.54331665597053,-0.21703514612340877,931.90174570395,0.8703670238507109,0.9607836483097891
430,0.004157079849392176,13.046609730646608,1352.7707369958662,13.046609730646608,1339.7241272652195,0.9903556387096164,1322.5749861212137,17.06237905131636,16.322486872540136,1306.2524992486735,226.1474675109895,1071.8259416852025,226.1474675109895,845.678474174213,0.7890072830711449,862.3046866496916,0.7377406489698679,2.2429782167247203
1567,0.0017430317820981145,6.409734786807428,466.06763174028947,6.409734786807428,459.65789695348207,0.9862472002982194,445.35935129248804,6.796708429865267,5.943251602515097,439.41609968997295,143.27237272558574,325.69456265407894,143.27237272558574,182.4221899284932,0.56010204297529,785.1093907374861,0.8175128530929887,0.585160276393917
182,0.003933723550289869,14.004178897862648,273.9967402226936,14.004178897862648,259.99256132483094,0.948889249972534,298.7384270735961,34.965950349402625,32.93045608941525,265.8079709841808,21.07501544701699,161.98066740759364,21.07501544701699,140.90565196057665,0.8698917853327168,131.3402848630026,0.8395388325143368,2.233290057019072
1597,0.001905496115796268,8.809455295028034,150.6178799509368,8.809455295028034,141.80842465590877,0.9415112249760939,164.889113096347,22.545390307779094,20.505695314216513,144.38341778213046,82.81167191659439,40.84407603273595,82.81167191659439,-41.96759588385844,-1.0275075350026772,743.5226423178597,0.8886225284835481,1.0544288527569354
1417,0.0018526221392676234,7.630073614745816,388.13273822193446,7.630073614745816,380.50266460718865,0.9803415871340826,370.89628010254916,16.537875870357897,14.204683134583174,356.691596967966,91.44820138005002,452.9455225538909,91.44820138005002,361.4973211738409,0.7981033108254876,744.7300758955301,0.877206246477847,1.6082009270395432
548,0.001143291825428605,3.7371305432712436,46.50631435132238,3.7371305432712436,42.76918380805114,0.9196425131641295,50.38221123019065,7.117057456305326,5.3010730694230075,45.081138160767644,48.45542373062267,26.5609234902448,48.45542373062267,-21.89450024037787,-0.8243124621935379,755.8371210136552,0.9358917121381402,1.0351410677668542
1340,0.0009892218513414264,2.636245478992776,1.4392780026284917,2.636245478992776,-1.1969674763642841,-0.8316443898804218,4.008280017113134,3.59714893500916,2.306776847352004,1.7015031697611303,14.297989301825282,1.268389227418652,14.297989301825282,-13.02960007440663,-10.27255655657347,591.6303530590147,1.0194751268406037,0.9991715653496074
1549,0.003550696885213256,5.692757080149701,993.046293667906,5.692757080149701,987.3535365877563,0.9942673799636037,937.5790125293701,7.184154251667023,6.355435979405315,931.2235765499647,162.90489909913455,1171.7042715874047,162.90489909913455,1008.7993724882701,0.860967564043755,769.0689672335199,0.7881790762080378,2.5235360175853114
1886,0.008691489696502686,67.12031292085985,750.3561764629461,67.12031292085985,683.2358635420862,0.9105487300214495,889.6722936790527,207.41836887965454,185.8436125730869,703.8286811059659,238.42118082385286,108.04028934187295,238.42118082385286,-130.38089148197992,-1.2067802879480856,1046.0415247120216,0.7720729290460137,0.9943526579857314
1495,0.0056070685386657715,44.126184998185494,232.66194332576774,44.126184998185494,188.53575832758224,0.8103420595245306,316.40301513146153,136.5758396801305,127.44710806914681,188.95590706231474,202.03859919817333,175.03909688091196,202.03859919817333,-26.999502317261374,-0.15424840963176653,990.4326564135505,0.7960097560496704,0.9093160587858791
923,0.0013552166055887938,5.801859228882958,161.70521743215517,5.801859228882958,155.9033582032722,0.9641207666579021,163.76007056160847,12.27763862088873,10.867229485557326,152.89284107605116,70.07920823277827,195.1378831989849,70.07920823277827,125.05867496620662,0.6408733809963619,763.7193185432621,0.9082395763322458,1.255509947779239
1352,0.001152623095549643,3.254114158219381,11.374843742569807,3.254114158219381,8.120729584350425,0.7139201001908259,15.9369091818112,7.116236977042507,5.907754207764371,10.029154974046829,13.164352607949041,2.20429133926217,13.164352607949041,-10.960061268686871,-4.972147317130716,385.0434594250043,1.034189264317352,1.005724785826914
20,0.002448504790663719,14.560133894686391,19.547747224053573,14.560133894686391,4.987613329367182,0.2551502877646129,42.745846540304775,38.18564706246667,38.915574407142955,3.83027213316182,29.004347178081577,25.963045427302404,29.004347178081577,-3.041301750779173,-0.11713963830995647,819.6299954356872,0.9646128773475842,1.0038053280995356
805,0.009164526127278805,78.49532282386878,734.9298900180517,78.49532282386878,656.4345671941828,0.8931934543825115,868.7288312778194,197.2074850331153,178.38799656140523,690.3408347164142,273.37043728098666,356.5101626059574,273.37043728098666,83.13972532497075,0.2332043628637403,988.9673316552468,0.723579911559421,0.776759390096716
1323,0.000596565951127559,1.4068816503951926,4.9398798412682465,1.4068816503951926,3.532998190873054,0.715199216255836,5.680835404233876,1.0073804115190315,1.583548006265456,4.09728739796842,8.27058386075718,0.7159797023526858,8.27058386075718,-7.554604158404493,-10.551422245044535,82.136076993846,0.8993063199088891,0.9987637161050262
1346,0.0027543650940060616,13.228796293793206,156.37867974188526,13.228796293793206,143.14988344809206,0.9154053716553412,183.21663436917925,43.573083323458654,41.50841842114184,141.7082159480374,12.855049071199668,202.85999359824373,12.855049071199668,190.00494452704407,0.9366309303121709,538.6517845772055,0.9761347693644239,1.3766069275301316
1373,0.000996310613118112,4.1947289702319805,74.89877306707248,4.1947289702319805,70.7040440968405,0.943994690454067,75.87577323809866,3.1270218082316013,3.233552231933822,72.64222100616483,69.19025677624684,45.309036757949876,69.19025677624684,-23.881220018296965,-0.5270741054566072,870.5701992836683,0.9205230585274127,1.0520452420669024
1496,0.0017265654169023037,7.5445042237347355,108.0929861453528,7.5445042237347355,100.54848192161806,0.9302035729349764,116.35261021758537,16.432986026694156,14.165048229706263,102.1875619878791,80.12937589216891,49.15003466788992,80.12937589216891,-30.97934122427899,-0.6303015131852597,757.3909258852451,0.8942034118001704,1.0648938784293498
926,0.0020972657948732376,8.589809566496971,19.817454507981196,8.589809566496971,11.227644941484225,0.5665533349382713,43.32653641772022,35.64220501645239,34.91115823373984,8.41537818398038,24.962042716649787,26.290147111156628,24.962042716649787,1.3281043945068411,0.05051719143645414,150.21212219480591,0.833821383042061,0.9566004251770094
608,0.0011296689044684172,3.4981043741154823,6.257193938217433,3.4981043741154823,2.7590895641019504,0.4409467872251963,10.661056392517166,7.603284770618538,6.295169934623573,4.365886457893593,27.842183480497056,2.285447009067184,27.842183480497056,-25.556736471429872,-11.182379801429295,841.9126220313619,0.9991556399409273,0.9987564824734922
302,0.0024145874194800854,11.103791510725635,490.32267878703084,11.103791510725635,479.2188872763052,0.9773541139516647,486.93136369641934,18.82265185640847,18.025570994590513,468.90579270182883,106.81303799362801,490.6376537543726,106.81303799362801,383.82461576074456,0.7822975118678891,841.2112558313635,0.8730247161421237,1.2038114795389832
612,0.00754773523658514,56.21935431517949,108.35642389835095,56.21935431517949,52.13706958317147,0.48116270090346647,253.13955801965162,217.896943830485,199.27684858839262,53.86270943125899,160.6312340111216,111.41915860475376,160.6312340111216,-49.21207540636783,-0.44168414142258805,832.0021284829976,0.8069341068826315,0.9168338973041512
236,0.007140054367482662,41.77050814799013,862.6056730167182,41.77050814799013,820.8351648687282,0.9515763581731272,930.1322560673062,115.2272414450609,109.5131256324843,820.619130434822,183.13684776523755,983.8417992104174,183.13684776523755,800.7049514451799,0.8138553902545977,891.1077562190702,0.7944840604437348,2.104066026071654
1131,0.001171665615402162,3.347579280241976,11.229549491656691,3.347579280241976,7.881970211414715,0.7018954960990061,15.452103209392254,6.71280877832317,5.561713479137576,9.890389730254679,4.337307679594754,9.662304092455306,4.337307679594754,5.3249964128605525,0.5511104144422977,302.52635821993016,1.0143369579600123,1.0319387181642898
483,0.0019755808170884848,3.5140211473424703,436.84681074118646,3.5140211473424703,433.332789593844,0.991955941852064,420.24872920394034,5.160166632921624,5.458925610844145,414.7898035930962,5.3565856311880395,433.6689956015411,5.3565856311880395,428.3124099703531,0.9876482162997198,19.124215525723542,0.7199056021940864,23.676433185885344
547,0.0010856728767976165,2.9858914048881053,7.478785088635059,2.9858914048881053,4.492893683746953,0.6007518106884048,12.64488551267322,8.521535819891906,7.3630690398145875,5.281816472858632,6.6737685930942705,7.8159310045325086,6.6737685930942705,1.142162411438238,0.14613261181244958,30.375266087742364,0.7802893784101729,1.0073845245406758
1889,0.0014396469341591,8.025458088342816,301.86174155726815,8.025458088342816,293.83628346892533,0.9734134639025785,294.6570845104048,12.542656135957111,10.837693274991809,283.819391235413,120.33826678434666,218.6447220900367,120.33826678434666,98.30645530569005,0.449617326071141,828.7556769724442,0.8547964495109603,1.0000657516464015
723,0.0005264143692329526,1.921586203949047,1.338085280708912,1.921586203949047,-0.5835009232401349,-0.43607155063464903,2.9744685734352982,2.330621432414626,2.26514258204771,0.7093259913875882,16.875115635047223,0.7628552929637257,16.875115635047223,-16.1122603420835,-21.120991740762094,750.397600275263,0.977511767589799,1.001016601455927
1419,0.001499267527833581,3.6853023727487333,311.4051308688372,3.6853023727487333,307.7198284960885,0.9881655695188242,303.33424593603564,6.620163690412002,6.388742905264752,296.9455030307709,7.150659128800496,222.51324887913742,7.150659128800496,215.36258975033692,0.9678641197105323,27.732600701016366,0.7421569218880207,9.023526220207057
668,0.000643121195025742,1.4759139573305027,11.357945063525078,1.4759139573305027,9.882031106194574,0.8700544905723963,13.12166503418938,2.184336852503894,1.6434822927172732,11.478182741472107,17.77336510233086,12.25010175516555,17.77336510233086,-5.52326334716531,-0.4508748953727093,750.1108056500647,0.9763056804828614,1.016331056242483
103,0.006231785751879215,10.423647878651938,1717.3209637892735,10.423647878651938,1706.8973159106215,0.9939302855444959,1589.0885353993392,21.309433779095052,19.08238131037738,1570.006154088962,178.85001322658437,1465.2624345050583,178.85001322658437,1286.4124212784739,0.877939945080898,751.8583155983025,0.7621227171182355,2.9488544638081895
550,0.0011628172360360622,2.9574570162595015,23.032714730734646,2.9574570162595015,20.075257714475146,0.8715975493625553,25.503790996366956,3.9477021825754703,2.4716893286631976,23.032101667703756,1.196918482748174,3.530068753252465,1.196918482748174,2.333150270504291,0.6609362121784792,577.5815804493544,0.9996934009043822,0.9977165631192858
143,0.0018373447237536311,6.1654273907379205,305.90150393635076,6.1654273907379205,299.73607654561283,0.979845056950028,306.50706371875555,10.989334205577814,10.491412643502581,296.01565107525295,10.205821521410387,250.43574542351826,10.205821521410387,240.22992390210786,0.9592477443499486,48.78984503282221,0.7908207842319511,6.132948162779437
853,0.0034318091347813606,4.327986549288525,1802.0495802637877,4.327986549288525,1797.7215937144992,0.9975982977401461,1716.6397353693555,6.673034168567005,6.273568370440665,1710.3661669989149,3.8155439377811873,1632.8077976795928,3.8155439377811873,1628.9922537418115,0.997663200810773,25.873434731654452,0.8673323687101797,64.10750059333867
1668,0.003913124091923237,13.4997590398734,984.0416666191031,13.4997590398734,970.5419075792297,0.9862813135888291,973.294975643823,21.58564028427521,18.765226497037474,954.5297491467855,180.39148474350864,363.1048479988408,180.39148474350864,182.71336325533215,0.5031972562809612,734.4258995050545,0.7543775554959617,1.4943266476676027
1810,0.001098291133530438,3.376065442620753,6.251995433623975,3.376065442620753,2.875929991003222,0.4600019340283149,10.562911247609732,7.377172895329079,6.2365341772026515,4.32637707040708,10.482848108219022,6.893608063273557,10.482848108219022,-3.5892400449454653,-0.5206620411258265,736.6787316090255,0.9909642490525887,1.0093576857420832
1358,0.0030447845347225666,6.443855758966201,794.8976307070261,6.443855758966201,788.45377494806,0.9918934772100974,770.4736976858778,5.600613035400232,7.015669165620283,763.4580285202576,184.46441247703424,283.9908333981775,184.46441247703424,99.52642092114323,0.3504564556898897,616.0634588825794,0.7005756309396808,0.5800014318462923
844,0.002866411115974188,9.702011209566962,714.5182246782474,9.702011209566962,704.8162134686804,0.9864216042719752,682.8129048471618,16.91449618232857,15.455941772328455,667.3569630748334,165.5256924881617,618.2398378062403,165.5256924881617,452.71414531807864,0.7322629789184851,922.800840666196,0.8206268512188784,0.8080242206316702
558,0.009673328138887882,82.97518702526605,817.7628846445945,82.97518702526605,734.7876976193284,0.8985339288645661,986.2287895688663,218.26800440857642,195.10126968393652,791.1275198849298,199.38755101089612,624.7808490892493,199.38755101089612,425.39329807835315,0.6808680174791756,918.455185761099,0.7829098750793495,1.4245790653022505
501,0.006270637270063162,43.33464591895724,465.0397563051614,43.33464591895724,421.7051103862042,0.9068151801401667,557.0684092428244,134.7492697522552,124.35294569552191,432.7154635473025,109.69955769327741,260.1972729086401,109.69955769327741,150.4977152153627,0.5783985109951753,769.0928134769055,0.8573649944831118,1.0690164934928892
1475,0.0016649715835228562,6.423923459776336,37.16835905299793,6.423923459776336,30.744435593221592,0.8271668800170452,50.508215441272924,19.50304854724322,18.24265916163722,32.2655562796357,13.229081787756783,34.78568451883147,13.229081787756783,21.556602731074683,0.6196975287177364,84.95413388952346,0.8442797168062449,0.9621142828901942
1394,0.0008056192309595644,1.9109901015785515,0.0,1.9109901015785515,-1.9109901015785515,0.0,11.971774420817383,11.971774420817383,11.012442342042581,0.9593320787748016,3.2279308883222484,0.0,3.2279308883222484,-3.2279308883222484,0.0,285.9690216280729,1.0112876942752227,1.0
594,0.003737043822184205,22.23158011883757,115.24760823208035,22.23158011883757,93.01602811324278,0.8070972538183298,162.19058663092193,69.90227681077545,69.97896214363892,92.211624487283,97.09579753217713,69.86614062125768,97.09579753217713,-27.229656910919445,-0.38974039024898516,907.73270340829,0.8930348139186692,1.0769677465171512
1458,0.008234761655330658,23.143637477238855,1665.0156471848459,23.143637477238855,1641.872009707607,0.9861000480587859,1594.1303168214818,67.92329797246113,62.19003267105591,1531.940284150426,60.65972877084479,1770.3981937705196,60.65972877084479,1709.7384649996748,0.9657366749557882,283.1015709318365,0.7857315712831205,7.253579547238845
1075,0.008752686902880669,67.75812129699517,195.51537502888525,67.75812129699517,127.75725373189007,0.6534383994763345,313.2968552132233,213.53613237794247,190.92604660066692,122.37080861255637,117.64573568140118,275.12095616255937,117.64573568140118,157.4752204811582,0.5723854070502415,909.5018392859555,0.883271021544863,1.129550410241317
613,0.002622379222884774,14.529108154331213,63.52306335859498,14.529108154331213,48.99395520426377,0.771278219497811,89.12450120283212,39.36431520153853,38.24626837974116,50.87823282309096,72.28778986969598,45.0976453778228,72.28778986969598,-27.190144491873184,-0.6029171648337143,898.4257661017713,0.9195394960861938,1.0190099615779173
310,0.0011795427417382598,3.9190221296563816,19.794598612021858,3.9190221296563816,15.875576482365476,0.802015579781636,26.939084364268027,11.56910896929376,10.100277582844043,16.838806781423983,7.123696205247292,8.981642993387608,7.123696205247292,1.8579467881403158,0.206860458549528,44.002672035012374,0.8381076449271293,1.2041158542881447
741,0.0017175843240693212,7.0791357275285725,36.97081525859545,7.0791357275285725,29.891679531066877,0.8085209731510391,50.51925307541212,20.91955782930032,19.49736907141398,31.021884003998135,17.531249193336446,22.380805193497366,17.531249193336446,4.84955600016092,0.21668371438083625,520.904024974765,0.96634456953143,0.9570346856225932
1673,0.0012677016202360392,5.226539994205863,40.782408278202396,5.226539994205863,35.55586828399653,0.8718432722620901,50.131987291232676,12.515209430745836,11.195862649051328,38.93612464218135,17.184062426685085,8.76082586287032,17.184062426685085,-8.423236563814765,-0.961466041633551,565.4655031706078,0.9696107678888761,0.9845068782909875
1747,0.00043965212535113096,1.5400692248376404,0.6737916256047081,1.5400692248376404,-0.8662775992329323,-1.285675817735897,2.2440814546659,2.0537534516378604,1.6430293831828222,0.6010520714830778,14.399419009383166,0.3634224835875178,14.399419009383166,-14.035996525795648,-38.62170658028526,749.1067120201569,0.9807778801359935,1.000485141139114
709,0.0010941437212750316,2.5911094321365455,6.4949141064704285,2.5911094321365455,3.903804674333883,0.6010556275786304,9.340170474721829,4.312119626924967,2.875080134554804,6.465090340167025,20.953413686345687,7.842645297829383,20.953413686345687,-13.110768388516306,-1.6717278278726933,414.29583103080796,1.0505759703982818,1.0189300608657252
1896,0.00829364638775587,60.5975297438103,300.5531497166839,60.5975297438103,239.9556199728736,0.7983799876962444,416.4069418970792,166.2555032044996,150.3347452534954,266.07219664358377,138.98982735120185,332.3029651076234,138.98982735120185,193.31313775642153,0.5817376251632692,916.1014969133533,0.8482811917462155,0.9052792202209644
1067,0.010202202945947647,42.482195346889135,1644.435146406709,42.482195346889135,1601.95295105982,0.9741660864888969,1657.3302909381944,115.4338598636371,103.74021074308422,1553.5900801951102,102.09777282229196,1348.9324034355182,102.09777282229196,1246.8346306132262,0.924312165263237,453.59791071837327,0.7749156898439029,3.973850565799969
114,0.002441620919853449,12.503072676337197,34.90162693293206,12.503072676337197,22.398554256594863,0.6417624685415539,57.7373777023283,37.04904692271133,37.2170586605421,20.520319041786202,92.53244557681224,41.98326236595536,92.53244557681224,-50.549183210856874,-1.20403180606202,850.8670887980658,0.8912492364612157,0.9506582603573716
1535,0.0014801621437072754,4.288026713348328,308.1589496230473,4.288026713348328,303.870922909699,0.9860850164546784,296.6735746472665,6.603462060747745,5.901545462824786,290.7720291844417,66.27909300427378,193.96989710128673,66.27909300427378,127.69080409701296,0.6583021695904477,381.67499493992597,0.8263467770145494,1.5082069815231591
224,0.009497862309217453,49.27808818940666,1569.529651773123,49.27808818940666,1520.2515635837165,0.9686032766990185,1621.7420978913124,108.36035535182327,100.03857916739693,1521.7035187239155,246.0779334511674,761.7109660912402,246.0779334511674,515.6330326400728,0.6769405399085572,773.9807808430072,0.6820619587179628,1.984147132518713
1274,0.0029456911142915487,5.722539655849339,988.6715312458874,5.722539655849339,982.9489915900381,0.9942118899199636,930.9734357115842,11.641871372672032,10.354661560388896,920.6187741511953,123.32326368634496,758.6747187463774,123.32326368634496,635.3514550600324,0.8374490929523493,333.33224017181965,0.9025121435197243,3.276031620449646
1008,0.001121425535529852,3.31729439034826,10.881676184674042,3.31729439034826,7.564381794325782,0.6951485842759776,17.66100941773368,11.345376264325054,10.24292019087615,7.41808922685753,7.4885746864243075,16.792742642748884,7.4885746864243075,9.304167956324576,0.5540588666343983,39.13221301372097,0.8086340099447333,0.8654797810617373
690,0.0023327465169131756,10.517676967398858,29.68785350790575,10.517676967398858,19.170176540506894,0.645724573364725,48.59150165676249,32.77274272156373,31.50682555452021,17.08467610224228,12.239776683525776,17.830244472026067,12.239776683525776,5.590467788500291,0.3135384821711893,377.7491074279376,0.9686486530428632,0.9840071193221437
1290,0.002208661986514926,7.676850169371406,491.5181537591943,7.676850169371406,483.8413035898229,0.9843813496802553,485.3155845184882,10.671567887895392,9.775413951304493,475.54017056718374,154.16264688137298,229.6062113121337,154.16264688137298,75.44356443076072,0.3285780641543727,576.6425728367168,0.732654760256444,0.601822303575998
40,0.001813178532756865,6.8554646012745275,165.24992860881176,6.8554646012745275,158.39446400753724,0.9585145684540468,173.41027214048094,12.890520652822625,11.430619912359683,161.97965222812127,94.517729731609,171.93717763973675,94.517729731609,77.41944790812775,0.4502775314268924,754.1439295251226,0.8746688449894096,1.2279898715726638
308,0.001899035181850195,10.279728737412764,73.19771406885152,10.279728737412764,62.91798533143876,0.8595621616305749,88.59798693816832,22.112202432008722,21.104144106763368,67.49384283140495,89.96681449630402,87.40516340611208,89.96681449630402,-2.561651090191944,-0.029307777599930813,781.8951400636747,0.884937493678529,0.8882137016493106
1854,0.0012392846401780844,4.170554849936202,43.15281143826052,4.170554849936202,38.98225658832432,0.9033538091509267,51.317513138163264,11.82568466074509,10.235021008428026,41.082492129735236,11.215562032580678,25.201186690458844,11.215562032580678,13.985624657878166,0.5549589719587735,44.86521205429238,0.7500165157135894,1.4009308929859283
266,0.0014448740985244513,4.382123058831617,48.15152270027593,4.382123058831617,43.769399641444316,0.908993053322351,52.41020303820797,6.682720623670823,5.512225287106504,46.897977751101465,37.23955962099825,49.56971014611679,37.23955962099825,12.33015052511854,0.24874364786021377,398.6934278008052,0.9065960032839974,0.8756696080506179
899,0.0023877567145973444,10.057738344938024,35.0283824192431,10.057738344938024,24.970644074305078,0.71286888944627,55.1053748067919,35.92317308985111,34.79867022238474,20.306704584407157,7.2562459148016005,47.01928870955239,7.2562459148016005,39.76304279475079,0.8456751236790311,145.8505955834224,1.002279500172729,1.322379819715297
1805,0.004724818281829357,36.15261791472321,63.27318138067877,36.15261791472321,27.120563465955563,0.4286265187581852,133.49601861467107,118.42935067094717,112.23871728487174,21.257301329799333,133.6554332573882,20.146409412664337,133.6554332573882,-113.50902384472387,-5.634206151562193,852.695992544217,0.8432554692105493,0.9763732800566437
543,0.0012781134573742747,6.0727326662481325,16.572951071421585,6.0727326662481325,10.500218405173452,0.6335756595142575,27.303821307324483,17.871637206766284,16.752831150326312,10.550990156998171,48.16988007081568,20.09745146257353,48.16988007081568,-28.07242860824215,-1.3968153454939307,768.4058542839362,0.937311929884105,0.9738452650373128
825,0.001476497738622129,6.939503301499521,237.21966550877676,6.939503301499521,230.28016220727724,0.9707465092043865,234.06163142148677,10.213798113440081,9.023204404133038,225.03842701735374,74.03287507374007,90.15932469082713,74.03287507374007,16.12644961708706,0.17886613140002564,776.356144559798,0.9046405756011406,1.1161313983570627
1134,0.004429726395756006,28.664352681132726,79.61411670121748,28.664352681132726,50.94976402008476,0.639958918482928,129.3748369010843,84.33329864998352,85.76609434989145,43.60874255119286,68.97379152523528,112.6802783566311,68.97379152523528,43.70648683139582,0.38788053658392246,760.2465524343392,0.909274443528381,1.1482154414193981
1753,0.012543425895273685,106.29980638363075,286.89335961191983,106.29980638363075,180.59355322828907,0.6294797254024201,457.2936063923606,303.2108439578858,257.25751385983745,200.03609253252313,416.0613965952416,340.52804944776557,416.0613965952416,-75.53334714747604,-0.22181240949157782,1242.3567613999974,0.6651031253483203,0.7259015606241571
417,0.00593987014144659,37.641355308875106,420.732425607644,37.641355308875106,383.0910702987689,0.9105337430208488,502.1582970161353,112.79428571204213,107.50492839822118,394.6533686179141,117.35187448161817,175.21380512147428,117.35187448161817,57.86193063985611,0.33023613978214167,567.3126769632744,0.7931442760810805,0.7720579646830996
1431,0.005579128861427307,26.125866815319583,490.87193531097864,26.125866815319583,464.7460684956591,0.9467766133364943,536.3751354734309,64.83259403053991,63.748077711158366,472.6270577622725,128.16015047545486,444.0915514889562,128.16015047545486,315.9314010135014,0.7114105187415574,807.1482458326122,0.8412185727502246,0.4498017510638899
1581,0.0012103149201720953,5.4533609600421755,22.262247284016723,5.4533609600421755,16.808886323974548,0.7550399611292864,31.00742678710594,14.09505134972527,12.64165549273404,18.365771294371896,26.276173636724327,43.489071562550556,26.276173636724327,17.21289792582623,0.39579823866942826,483.64020024069106,0.9456699967793256,0.9100797006929787
537,0.0015002012951299548,6.682247444020584,162.19383176522564,6.682247444020584,155.51158432120505,0.958800853452349,168.4292767962001,11.996524552979494,10.746028402044157,157.68324839415595,111.02794395061333,20.342425800248765,111.02794395061333,-90.68551815036457,-4.457950051820053,728.2584150800508,0.8475432049234761,1.0120080573329262
1449,0.005982326343655586,18.053814167621738,1764.7773428834812,18.053814167621738,1746.7235287158594,0.9897699195649671,1737.0428624352442,35.72191275903834,32.57200969411728,1704.470852741127,41.15188668768608,2189.5241069746303,41.15188668768608,2148.3722202869444,0.9812050999773885,153.3972280182427,0.7317299196384951,15.273557190448335
490,0.011102146469056606,93.20635504458144,267.68271050096234,93.20635504458144,174.4763554563809,0.6518028569340628,412.42684781311533,270.9477902377434,235.47922949272473,176.9476183203906,331.0644607481101,100.13820830442069,331.0644607481101,-230.9262524436894,-2.3060753368152183,1417.4917075533224,0.7664434585514807,0.9536243224781383
1077,0.0012787452433258295,5.190936165193719,25.207644483466115,5.190936165193719,20.016708318272396,0.7940729381280154,35.151001001424035,15.097364670790968,14.087123158008895,21.063877843415142,4.240127623476117,21.054589769745785,4.240127623476117,16.81446214626967,0.7986126697386937,546.2704432304694,0.9922380431231069,0.9614575710059736
1015,0.001247419510036707,4.122303934378667,110.33358759287849,4.122303934378667,106.21128365849982,0.9626378147913615,113.28557164772187,8.182921276884867,7.358604222845034,105.92696742487684,37.945868315371115,26.320275522613553,37.945868315371115,-11.625592792757562,-0.4416972300601192,287.94182240868093,0.8682168918778534,0.9610400423832488
1399,0.0013839912135154009,6.658781301416157,302.78129439103554,6.658781301416157,296.12251308961936,0.9780079502110308,300.27761850707014,12.067842027968265,10.958379750311096,289.31923875675903,124.53505395590808,125.54063210757295,124.53505395590808,1.0055781516648636,0.00800998158750074,693.1205059040362,0.8203269808134196,0.8188761823691386
1326,0.0038368820678442717,24.46499171932522,62.018219380359774,24.46499171932522,37.553227661034555,0.6055192818536014,97.88015307689861,65.56390227907441,65.3051955271734,32.57495754972521,100.11419022336311,29.8498943412723,100.11419022336311,-70.2642958820908,-2.3539210919396476,817.3623563272813,0.8775155358595005,0.9715058961637106
323,0.006092962343245745,3.720723348277792,1777.7258571000893,3.720723348277792,1774.0051337518116,0.9979070319906652,1656.1816120264973,6.855032710186583,6.123988079488004,1650.0576239470092,10.735674513031213,1699.7157396035946,10.735674513031213,1688.9800650905634,0.9936838412077451,25.333046636504264,0.5762185785596989,68.09480166330836
1259,0.0009113856358453631,2.3915371230685825,1.345729126804907,2.3915371230685825,-1.0458079962636755,-0.7771311294619012,3.565484171242579,3.1117055658319934,2.3707117654094003,1.1947724058331786,22.35021250067776,0.21273848117887914,22.35021250067776,-22.13747401949888,-104.05956598366798,777.190756969168,0.9712423078886869,1.0002737274977491
401,0.003302715951576829,8.369275817117579,1003.1080137081874,8.369275817117579,994.7387378910698,0.9916566554122334,962.4914851950296,21.17246021786349,18.65229503663072,943.8391901583989,20.83516947005359,957.8537562785351,20.83516947005359,937.0185868084815,0.9782480683157702,81.7954605701348,0.7452771911200542,12.71035347930136
318,0.0011060833930969238,2.702449709767293,6.1440693840508045,2.702449709767293,3.4416196742835115,0.5601531263981985,10.307381228125788,6.560178076301415,5.45230964805487,4.855071580070918,2.214424272825523,5.70199515290913,2.214424272825523,3.487570880083607,0.6116404498001485,27.68693894387035,0.9596906201049265,1.2059453074414896
313,0.007043991703540087,36.613541292343896,837.2549534226814,36.613541292343896,800.6414121303375,0.9562695435331036,883.9501430487801,116.33036277255918,108.29551982577527,775.6546232230048,54.267596129055185,395.703755197607,54.267596129055185,341.43615906855183,0.8628580208900091,494.5006328415179,0.8902577822454529,1.5451581013933864
7,0.01867280714213848,161.61074964657985,1337.5998864746987,161.61074964657985,1175.9891368281187,0.8791785560983323,1631.1521820936764,378.7822723453128,302.28882916338534,1328.863352930291,341.2348022409392,1261.0893599534381,341.2348022409392,919.854557712499,0.729412670444275,1338.2865514681641,0.7450211228181377,1.9423163959691316
290,0.0006180786876939237,1.6169787323403584,1.6559340503803919,1.6169787323403584,0.03895531804003349,0.023524679639919777,2.74629788329863,1.8425249742965848,1.8018790144143861,0.9444188688842439,8.771980528794373,1.3841978338480683,8.771980528794373,-7.387782694946305,-5.337230354138236,20.831892173339444,0.5789158058325249,0.9335539075216818
