sample_id,tf_mae,spectrum_mae,noisy_spectrum_mae,pred_spectrum_mae,spectrum_mae_improvement,spectrum_mae_improvement_ratio,noisy_noise_floor,clean_noise_floor,pred_noise_floor,noise_floor_reduction,peak_error,noisy_peak_error,pred_peak_error,peak_error_improvement,peak_error_improvement_ratio,clean_peak_mean,pred_peak_keep_ratio,noisy_peak_keep_ratio,label_peak_clean_mean,label_peak_noisy_mean,label_peak_pred_mean,label_pred_peak_keep_ratio,label_noisy_peak_keep_ratio,label_peak_error_noisy,label_peak_error_pred,label_peak_error_improvement
210,0.10927928984165192,77.02500009566715,1689.0850177919137,77.02500009566715,1612.0600176962466,0.9543983877162326,1612.2990005587353,65.67691945687993,113.03008087147379,1499.2689196872616,159.20473120952394,1076.88733237794,159.20473120952394,917.6826011684161,0.852162128364929,758.5466009459533,0.8295886057936845,2.41967195032579,596.4718417706516,1815.2032073261591,496.33838471650535,0.8321237482780479,3.043233695554936,1218.7313655555074,130.07320442600854,1088.658161129499
1485,0.18491964042186737,120.43563922642481,1108.5497828148955,120.43563922642481,988.1141435884707,0.891357482457299,1312.880464733072,301.63505205216546,314.75913041649954,998.1213343165723,146.51004062297486,993.3690241992323,146.51004062297486,846.8589835762574,0.8525119698179853,1168.3636352231376,0.894976808689444,1.3531464150439292,512.839485613293,1579.0049047505795,510.16972206086996,0.99479415367319,3.078945652677823,1066.1654191372863,133.80588690225179,932.3595322350345
145,0.013773048296570778,10.047620111275304,63.17097877920686,10.047620111275304,53.123358667931555,0.8409456319112385,88.48673815670176,37.983436260799095,37.14570328751565,51.34103486918611,42.13429324359955,26.967241848795727,42.13429324359955,-15.167051394803824,-0.5624250147584573,808.1507233930937,0.9478633229867136,0.9666309253110964,1060.0872712024595,1030.737674525537,1016.3590409314145,0.9587503487128527,0.9723139806747879,29.3495966769226,43.72823027104505,-14.378633594122448
331,0.0034526134841144085,1.6745744540034009,5.916373728181295,1.6745744540034009,4.241799274177894,0.7169593181669799,8.676323962050564,4.405714228508322,4.617986881562913,4.058337080487651,6.963083875402314,7.46323276134486,6.963083875402314,0.5001488859425454,0.0670150458837384,881.2982737569688,1.0079009389700933,1.008468452717522,698.8969852693268,702.515881012886,702.2383606473327,1.0047809268725323,1.0051780102358927,7.349824855307119,7.017556748365408,0.3322681069417115
88,0.011792894452810287,7.444516311446416,120.48170189795334,7.444516311446416,113.03718558650692,0.9382103988060209,130.42997157127468,16.924934916494244,17.32817055789123,113.10180101338345,46.816356942021834,5.0287430102599915,46.816356942021834,-41.78761393176184,-8.309753321357611,535.6478767758775,0.9125986324750981,1.0078997001934815,658.8930180001889,686.1507275091063,618.0624109374867,0.9380315074719906,1.041368945738183,57.23669935583163,40.830607062702256,16.406092293129376
1242,0.13252942264080048,74.46901597757711,365.88268603089716,74.46901597757711,291.41367005332006,0.7964675049660903,583.4393910057946,362.4051120713745,354.31333857903843,229.1260524267562,72.95956353617687,187.20004821481325,72.95956353617687,114.24048467863638,0.6102588421747878,1476.9013222489427,0.9648601133160635,1.107526571036739,608.2356921478662,987.261688981487,678.9655916695758,1.1162869927477304,1.6231564535372205,379.02599683362087,134.5838825347145,244.44211429890638
1278,0.12100358307361603,120.54120174599554,1784.5819614932514,120.54120174599554,1664.0407597472558,0.9324540960589266,1661.7041353242635,7.0919717837312355,116.59808292200894,1545.1060524022546,131.16659480586202,581.6015827349121,131.16659480586202,450.43498792905007,0.7744734562291479,822.7115655477637,0.8405679459258228,1.5752234345814184,552.0461653580041,1758.3909675954724,510.8025107442266,0.9252894826521784,3.1852244937796983,1287.613759985472,65.36083721727351,1222.2529227681985
1603,0.024414129555225372,19.89006764625322,273.7957521581437,19.89006764625322,253.9056845118905,0.9273543599947279,261.79532772323853,4.64342916056009,17.384956062899747,244.4103716603388,89.17977770255072,231.10678897989806,89.17977770255072,141.92701127734733,0.6141187452943769,771.9815761465501,0.8844793963248403,0.8989313791570774,745.6541055771428,805.3785953886066,691.9593494440322,0.9279897264274427,1.080096775924323,209.9334514542371,53.69475613311071,156.2386953211264
63,0.053866855800151825,39.31654945235931,534.6447859764875,39.31654945235931,495.32823652412816,0.9264622970547619,526.4162253628681,22.363085675571742,43.9210692363728,482.4951561264953,66.52447707610325,252.96641451205946,66.52447707610325,186.44193743595622,0.7370224928695747,741.830060995762,0.9103238321364233,1.3410031863261263,965.9811692590998,1182.6445631850725,899.3353076635619,0.9310070799344311,1.2242935999385494,216.66339392597263,66.6458615955379,150.01753233043473
875,0.08520001173019409,56.89067935271177,330.7506483681824,56.89067935271177,273.8599690154706,0.8279952597723023,449.82636510827086,189.55954432434268,186.07888294908648,263.7474821591844,43.00561989042171,385.34731366816715,43.00561989042171,342.34169377774543,0.8883977690643641,818.192760503349,0.947438278647241,1.1863528840945856,907.8588098109387,682.586225293832,858.4700534917492,0.9455986373812083,0.7518638558301596,451.0839859116474,71.71977475147511,379.3642111601723
527,0.005066951271146536,2.7541988286493195,20.59531743504263,2.7541988286493195,17.841118606393312,0.8662706298489438,25.668149529418685,6.36276560245032,6.501667309539246,19.166482219879438,24.564597583240925,24.551510663049765,24.564597583240925,-0.01308692019116009,-0.0005330393054328839,788.3254787656357,0.9688395234647189,0.9688561243745507,541.1412625507212,515.3021904625729,524.2842675312068,0.968849178234797,0.9522507820483816,25.839072088148306,16.856995019514436,8.98207706863387
807,0.003319045528769493,1.7835641891529554,4.281289097232294,1.7835641891529554,2.4977249080793387,0.5834048697374891,7.708903365955736,5.4609723466809585,5.472470000171309,2.2364333657844275,6.874155124725196,6.903441887555573,6.874155124725196,0.029286762830376567,0.004242342197907117,752.3071135357272,0.9908625679578945,0.9908236386930992,593.8788708401496,587.8045919078453,588.051755616632,0.990188040845309,0.9897718554564652,6.074278932304409,5.827115223517623,0.24716370878678617
155,0.04943210631608963,28.817551330902837,564.0262346074528,28.817551330902837,535.20868327655,0.948907427416104,549.5985448788832,6.840791685725647,28.27423665610015,521.3243082227831,18.781371924627333,418.46915200197674,18.781371924627333,399.68778007734943,0.9551188616059838,26.503761386726968,1.7086304336422604,16.789047671231497,1027.5167641829694,1638.4893094786294,1011.8415598748279,0.9847445756073814,1.5946107806634913,610.97254529566,15.675204308141474,595.2973409875185
1755,0.0002983885060530156,0.47918547329462396,0.0,0.47918547329462396,-0.47918547329462396,0.0,34.846684558319545,34.846684558319545,34.59993329684654,0.2467512614730083,0.043421768354420465,0.0,0.043421768354420465,-0.043421768354420465,0.0,143.04352382037612,0.999926181341979,1.0,676.0108776633346,676.0108776633346,676.0253370709777,1.0000213893120968,1.0,0.0,0.018498277668129504,-0.018498277668129504
746,0.017934367060661316,13.337765201364459,177.199131996882,13.337765201364459,163.86136679551754,0.9247300759825441,170.21027618552063,4.228308741339012,13.284614126514192,156.92566205900644,36.904659544508355,52.7058394320567,36.904659544508355,15.801179887548344,0.2997994161143701,432.1059877061218,0.9145935011444287,0.8780256674714206,770.429243793086,656.6910343267125,690.0093230302964,0.895616733904265,0.8523703372078641,113.73820946637352,80.41992076278967,33.318288703583846
1223,0.08899946510791779,55.05990941088187,193.1482441951767,55.05990941088187,138.08833478429483,0.7149344554473728,316.9593321501802,216.76208288017165,213.214019285051,103.74531286512922,31.996225825293095,215.50247528750563,31.996225825293095,183.50624946221254,0.8515273396159075,961.1295087570597,0.9795013846940726,1.224217936629784,507.465138007811,565.2101655442983,450.7653107122642,0.8882685271383626,1.1137911222102483,163.5459597262308,56.69982729554692,106.84613243068387
587,0.11444012820720673,77.30502854438338,1195.695235352212,77.30502854438338,1118.3902068078287,0.9353472136889366,1161.5988790305064,9.051267733901621,69.80906507778197,1091.7898139527244,130.6704300772271,750.1479511657949,130.6704300772271,619.4775210885678,0.8258071226160733,803.0779965743844,0.8372879961415755,1.691027071217573,860.3170744735111,1326.201514729022,724.0864782993519,0.8416507120266928,1.5415264372622368,612.2839266808022,136.23059617415907,476.05333050664314
196,0.1712568998336792,128.3130980687484,1791.3313318101896,128.3130980687484,1663.0182337414412,0.9283699805891943,1730.231443866145,7.717629591411601,110.84964780870818,1619.3817960574368,77.3891266860061,532.5785562392189,77.3891266860061,455.1894295532128,0.854689743363897,782.0390309330883,0.9202961731110855,1.408368862498432,1000.272846327531,1528.3385898678896,992.4733280356973,0.9922026091976109,1.5279217020427323,847.8929936619045,94.76174185938015,753.1312518025243
958,0.08923126012086868,54.7165298226426,206.11185302657543,54.7165298226426,151.39532320393283,0.7345299214034643,320.17091000508015,201.19932830072807,199.48758023300266,120.68332977207749,94.51498672083541,348.96114832596226,94.51498672083541,254.44616160512686,0.7291532677083307,732.137871939723,0.8886794651009998,0.8592317670765612,1079.5980555261483,1389.1165491635954,1301.204200470956,1.2052672694346478,1.2866978984012727,309.51849363744714,221.60614494480774,87.9123486926394
1519,0.09228027611970901,55.9663500677546,1000.529984797567,55.9663500677546,944.5636347298124,0.9440632955352378,976.1713091334303,12.518518901975916,55.52072585067664,920.6505832827537,9.454371630135634,1047.1365349200669,9.454371630135634,1037.6821632899312,0.9909712140538985,780.5610083638772,1.009447832388522,2.3415178617683647,1029.4289610749418,2115.747517576418,1034.6456133560418,1.005067520419916,2.055263255239225,1086.3185565014762,5.216652281100096,1081.1019042203761
317,0.03282251954078674,17.82633609073478,362.09999816740867,17.82633609073478,344.2736620766739,0.9507695769650537,350.5223988545732,2.5709733353975617,14.928912925489312,335.5934859290839,29.89799467454874,359.60028710165085,29.89799467454874,329.7022924271021,0.9168577007668037,10.065192094241292,3.970434582331976,36.72711615781212,787.9535281072596,879.1795903292359,737.2517430390357,0.9356538383805267,1.115775942321256,154.0848343709074,50.701785068224034,103.38304930268336
855,0.03175685182213783,18.941253880216923,423.33195594461785,18.941253880216923,404.3907020644009,0.9552567350179089,452.2767972886222,56.75333996625823,56.97800041481074,395.2987968738115,23.28994179897387,460.42865566269734,23.28994179897387,437.13871386372347,0.9494168281827452,744.4339285766094,0.9687145616220025,1.6184949906072352,925.0943039192972,1290.544680107931,869.9828485408439,0.9404261218072951,1.3950412132475034,365.450376188634,55.11145537845323,310.33892081018075
322,0.009137513116002083,3.7941120772105283,69.13869489335394,3.7941120772105283,65.34458281614342,0.9451231747567274,68.30678141566976,1.5941054904061858,4.454158277270411,63.85262313839935,1.6554333844541371,73.87021466594011,1.6554333844541371,72.21478128148597,0.9775899746340195,55.59542574443888,1.0297764314651323,2.328710297237525,545.8627644400361,569.2111669206337,522.3457148045891,0.9569176518944801,1.0427733928775103,70.03831554551947,24.657806739341794,45.38050880617767
428,0.05536279082298279,24.33065996715885,431.027308041047,24.33065996715885,406.6966480738881,0.9435519292785927,471.84597849978655,58.789016266610304,59.377112405469866,412.4688660943167,102.67866100696892,209.10516249908497,102.67866100696892,106.42650149211605,0.508961616347381,761.7736501767904,0.8652110623895439,0.7514026070027124,582.0527305516927,809.3502960769689,524.3608394174843,0.9008820196075265,1.3905102640955478,434.1206096272911,57.69189113420837,376.4287184930827
1136,0.021416718140244484,13.011240164879185,41.386036311368095,13.011240164879185,28.37479614648891,0.6856127978289818,68.90642807172982,45.026754851634145,43.15420222666169,25.752225845068132,44.74659907273008,46.598568686017664,44.74659907273008,1.8519696132875865,0.0397430578987566,726.8174043124751,0.9384348822589662,0.9358868287832249,817.1095056644305,780.6294152500941,781.436305125615,0.956342203472706,0.9553547105235636,36.48009041433647,35.673200538815344,0.8068898755211293
1377,0.268533319234848,165.92346272905735,1239.804818713058,165.92346272905735,1073.8813559840007,0.8661696904023255,1480.730596538397,340.6370596606435,376.8215871546929,1103.9090093837042,251.04016457819213,333.10311355040415,251.04016457819213,82.06294897221201,0.24635899706111422,1232.0126906724372,0.7962357315969095,0.7296268812226315,819.4057344378255,1256.3809288448751,650.9602173657231,0.7944296579915092,1.5332830562954844,925.8648937559487,183.1475567325172,742.7173370234316
60,0.2719377875328064,145.1889813373745,1352.0084416718703,145.1889813373745,1206.8194603344957,0.89261237070544,1631.3054323938516,371.93710775275423,374.6647856504565,1256.640646743395,87.94905014757417,1408.4295153100873,87.94905014757417,1320.4804651625132,0.9375552349680696,1303.934126752163,0.9974601697706983,1.7998618037613594,1041.7454700858084,2146.7130169487655,1068.0878515429854,1.0252867732220685,2.060688602535455,1104.9675468629575,112.45919322671142,992.508353636246
370,0.04537048190832138,28.695266010077496,450.82561144606166,28.695266010077496,422.13034543598417,0.9363495212305375,483.4397112834543,64.81006637534063,66.351622983074,417.0880883003803,116.30433919085169,220.8034877363559,116.30433919085169,104.4991485455042,0.47326765359013906,794.9688792036496,0.8536995066934469,0.7620033827211659,685.4408049153284,643.4244291266674,600.7421692478059,0.876431874116416,0.9387016712641565,346.9930792585049,84.69863566752245,262.29444359098244
1888,0.012316691689193249,8.285947218577054,26.246128913187135,8.285947218577054,17.960181694610082,0.6842983113439692,44.00136315600527,30.266416635514123,30.42038444312875,13.580978712876519,38.24948916392331,40.02958171707155,38.24948916392331,1.7800925531482434,0.04446942677867357,838.88900763208,0.9544045889075486,0.952282624575017,576.6032372226451,536.9741023496093,549.4463515447634,0.9529019541952457,0.9312713971847963,39.62913487303584,27.156885677881775,12.472249195154063
1378,0.052850641310214996,32.52995896856825,343.56465900025296,32.52995896856825,311.0347000316847,0.9053163411416413,371.18184101419405,46.47527957287615,54.750182941336945,316.4316580728571,92.87980520455288,320.92110007679224,92.87980520455288,228.04129487223935,0.7105836756064716,200.68305908937467,1.2779797325242865,2.5991439513280947,613.553406188505,999.2005712479357,594.310006230383,0.9686361451765622,1.6285470199817396,385.64716505943073,35.49267134025562,350.1544937191751
1332,0.060690514743328094,42.97195350384182,60.126911822614304,42.97195350384182,17.154958318772486,0.2853124798656355,132.87185638107894,114.13979773953953,118.4885908740157,14.383265507063243,43.07748718121373,52.61798217010323,43.07748718121373,9.540494988889499,0.18131624580446698,455.7750860842022,0.9054852086117418,0.9470764541274962,747.7856945784314,789.873981774807,789.8039000189996,1.0561901701853982,1.0562838892232396,64.58310483128558,64.49675652871913,0.08634830256644932
685,0.05347411334514618,39.58906779943452,511.0371855641994,39.58906779943452,471.44811776476485,0.9225319234729913,492.3541680795897,11.820791823072684,34.419856349159055,457.9343117304307,196.44950179654896,211.7471311030985,196.44950179654896,15.297629306549538,0.07224480080016389,755.6593838978407,0.7400290316210678,0.7436536297612946,686.3015523154787,566.0000162795604,567.1687053748135,0.8264132631804069,0.824710383314683,188.25302066887457,119.13284694066517,69.1201737282094
634,0.001959846820682287,0.5767676228536783,4.357003219641081,0.5767676228536783,3.780235596787403,0.8676228605355056,5.4946039815229595,1.4483697873813501,1.494384653561287,4.0002193279616725,3.0980470153403794,3.4564897054881762,3.0980470153403794,0.35844269014779684,0.10370136198544595,749.115860429364,1.0041356046227146,1.0046140922760693,516.25275512351,518.9987649252357,517.3232519516171,1.0020735905377414,1.0053191189286121,2.7460098017257444,2.0129553588571163,0.7330544428686281
536,0.14098384976387024,99.25110620577343,354.41318913175587,99.25110620577343,255.16208292598245,0.7199565105098952,552.2411600391353,364.0584963492531,363.3068153321163,188.93434470701897,195.2934693784489,522.0966398020352,195.2934693784489,326.80317042358627,0.6259438301451262,1408.9643739574028,0.9768343446509016,1.1888092584777779,450.39505205493305,475.8797004757871,246.88809419436237,0.5481589841361098,1.056582878307788,25.484648420854057,203.50695786057068,-178.02230943971662
1487,0.00040436466224491596,0.24418606642228022,0.0,0.24418606642228022,-0.24418606642228022,0.0,25.122095320591523,25.122095320591523,25.01801180595376,0.10408351463776455,0.006120104872024967,0.0,0.006120104872024967,-0.006120104872024967,0.0,884.7985970476847,1.0000061436030787,1.0,627.8488488173624,627.8488488173624,627.8475025705321,0.999997855778771,1.0,0.0,0.009896127203290916,-0.009896127203290916
342,0.031260065734386444,27.41238178666383,244.36603700234247,27.41238178666383,216.95365521567862,0.8878224563325833,236.5861091296898,3.460942360679437,17.13281857689554,219.45329055279424,92.18875473264423,37.46361444737064,92.18875473264423,-54.72514028527359,-1.4607544171199007,773.9671139666303,0.880888020861544,0.9804265256759926,579.2271438199886,650.9741393532797,512.8961486919975,0.8854836210013575,1.1238667702278617,99.1663077444921,66.33099512799105,32.83531261650106
712,0.01311214454472065,7.425977040287512,38.972717639559846,7.425977040287512,31.546740599272333,0.8094570384091033,53.634369128065096,22.41254705075189,22.21362506848877,31.420744059576325,34.63682737408377,53.76988852159868,34.63682737408377,19.13306114751491,0.3558322636251961,763.1435606831651,1.0453870400781171,1.0704584186931538,634.2756687923891,650.6818800424712,634.3487188132137,1.0001151707757665,1.0258660580206684,36.29374162129279,28.41794510794719,7.875796513345598
1190,0.011999276466667652,5.628823469688788,20.285340464638658,5.628823469688788,14.65651699494987,0.7225176733168006,32.048562949719525,21.22936127521714,20.837196439751168,11.211366509968357,5.8486056146940655,29.785761042293455,5.8486056146940655,23.93715542759939,0.8036442444297629,81.82673412306444,0.9285245136889128,1.0813295722665268,844.7429784311944,821.3606548949634,822.0750357178194,0.9731658702207002,0.9723201919006711,23.382323536230917,22.66794271337494,0.7143808228559756
1184,0.048516932874917984,36.848508122298924,111.6198717456974,36.848508122298924,74.77136362339847,0.6698750182561527,177.98593953952013,115.27785565618883,118.51043686473388,59.475502674786256,101.82259334076673,172.06258233527896,101.82259334076673,70.23998899451223,0.40822349659755475,484.4835907080126,0.7898327305740827,0.87794735128864,593.7083675567382,666.8032755943636,567.1077844089972,0.9551958762898877,1.1231158461492294,73.09490803762549,30.22504652405027,42.869861513575216
1678,0.05686080828309059,25.703877970170993,586.9294001400795,25.703877970170993,561.2255221699085,0.9562061843144399,590.7545185426945,23.295194699982183,36.76822283395903,553.9862957087355,94.28021968149858,169.59424158312558,94.28021968149858,75.314021901627,0.44408360330272356,767.9587286543368,0.8772326999307605,1.0996392057204245,784.5466521663491,1145.2217945175503,749.4986270526622,0.9553270350247374,1.4597242768868848,360.67514235120115,67.61195948174145,293.0631828694597
1552,0.00969427265226841,7.237260369778538,18.989042714754675,7.237260369778538,11.751782344976137,0.6188717631271051,30.404669130925214,20.70266845020439,20.59058332310241,9.814085807822803,20.88493442965112,21.28586917464308,20.88493442965112,0.40093474499195736,0.0188357234418021,761.1483871939726,1.0274387159994451,1.0279654657787753,997.4485688598837,1018.657653373245,1018.2698467812162,1.0208745378672825,1.021263336452128,21.20908451336129,20.821277921332467,0.3878065920288236
1402,0.09596318006515503,43.62959756750431,961.9029606493397,43.62959756750431,918.2733630818353,0.9546424126420696,967.5126486682279,38.911117856120555,60.012017031016235,907.5006316372117,69.31075035852206,848.7918303524475,69.31075035852206,779.4810799939255,0.9183418738493963,149.47897243744305,1.078223686279087,6.678335999450805,585.402834999503,684.6690019336007,479.8636072466949,0.8197152090100525,1.169568989077721,526.3353593233097,105.53922775280817,420.79613157050153
1180,0.004969958681613207,3.7145766540604823,4.379559586359488,3.7145766540604823,0.6649829322990053,0.15183785474004086,10.362577676803019,9.308031191085384,9.843997644332667,0.5185800324703518,5.763450829554775,5.770890157082628,5.763450829554775,0.007439327527853479,0.0012891126542623884,778.9081757989925,0.9977006720364784,0.9977180721043661,695.6405104641522,694.2404527620317,694.2218958108771,0.997960707244711,0.9979873833092523,5.472346196706212,5.48345273532442,-0.011106538618207651
301,0.0029886155389249325,1.2121031055994584,5.191255570877475,1.2121031055994584,3.9791524652780166,0.7665106082622364,7.777540558366644,3.4614713181736976,3.407333717227048,4.370206841139596,1.8559429691274545,1.4064651911967871,1.8559429691274545,-0.44947777793066734,-0.3195797384421568,746.1537888698043,0.9989970614089153,0.9998270406638685,706.3462716073457,701.8174365559584,701.1669810423763,0.9926674907574956,0.9935883641870416,4.52883505138729,5.179290564969307,-0.6504555135820169
835,0.10627664625644684,109.50593295711195,1733.7644804068227,109.50593295711195,1624.2585474497107,0.9368392107494227,1589.6398743892485,7.988722881248832,105.39304070196856,1484.2468336872798,78.39943600148234,1526.142932036534,78.39943600148234,1447.7434960350515,0.9486290344398715,795.4434499306484,0.904319284790298,2.918606447975141,769.3030856848162,2224.676910186328,653.4220600350264,0.8493688277011978,2.891808120340465,1455.3738245015118,115.88102564978979,1339.492798851722
1636,0.16767889261245728,114.83914987624598,1327.6007191155095,114.83914987624598,1212.7615692392635,0.9134987287798733,1568.3155445756065,363.71172263475574,371.6383115619604,1196.6772330136462,99.6023509244507,782.1614647091765,99.6023509244507,682.5591137847258,0.8726575580382436,1519.4100658029092,0.9462691120116753,1.389976124153459,965.7620993755781,2359.9140133338105,917.9150757745432,0.9504567184486005,2.443576958403766,1394.1519139582324,47.84702360103495,1346.3048903571976
1639,0.13369479775428772,115.74715893799055,996.0047055017428,115.74715893799055,880.2575465637523,0.8837885420634812,958.7053801355802,12.15544904887567,75.50439664054421,883.200983495036,40.67754495186984,905.5800842543887,40.67754495186984,864.9025393025188,0.9550812284201659,44.18695027824101,1.9205782407640088,21.49428798665754,393.56968697505135,931.5287784015487,419.8322119400922,1.0667290338513942,2.3668712536303613,809.2589399473472,78.88780103243705,730.3711389149101
1511,0.00027619540924206376,0.4041114736577721,0.0,0.4041114736577721,-0.4041114736577721,0.0,52.62136096477329,52.62136096477329,52.41108743217006,0.21027353260322457,0.008670674423816157,0.0,0.008670674423816157,-0.008670674423816157,0.0,222.6173958985747,1.000029575838954,1.0,611.4539603535615,611.4539603535615,611.4525927387533,0.999997763339684,1.0,0.0,0.009809487346121415,-0.009809487346121415
1459,0.0018829569453373551,0.5887111436429282,0.3510768567385272,0.5887111436429282,-0.23763428690440103,-0.676872548968344,1.4887354358849128,1.410301212935516,1.72404777761825,-0.23531234173333715,0.22903466336629208,0.23406874177739687,0.22903466336629208,0.0050340784111047865,0.021506837576340185,749.1991913293191,1.000118473451664,1.0001325082500936,493.29356511239234,493.5772330359265,493.018593332737,0.9994425798366279,1.0005750489031202,0.28366792353417924,0.38083702402948383,-0.09716910049530458
10,0.02145739272236824,14.162634646101404,150.7821806553019,14.162634646101404,136.6195460092005,0.9060722256134621,153.26930767965376,10.281820507588922,15.906637121778735,137.36267055787502,18.201532812064215,100.81335555437295,18.201532812064215,82.61182274230873,0.8194531596337218,42.17957578596893,0.5684752045771175,3.390098849403521,625.7832198594479,767.3186667285421,584.6213210048023,0.9342233899082648,1.226173285536297,141.5354468690942,41.161898854645585,100.3735480144486
980,0.035969626158475876,21.620897549963612,115.18229346895998,21.620897549963612,93.56139591899637,0.8122897461163148,160.13034174549148,69.30763851667915,70.15241234633471,89.97792939915676,123.28290143642289,157.4891687045006,123.28290143642289,34.20626726807771,0.21719758602738876,723.3324960282785,0.829562611781784,0.7822727866240595,927.9476526597496,759.4474149985193,796.459140403487,0.858301799805861,0.8184162251197437,168.50023766123024,131.48851225626254,37.011725404967706
1371,0.002656815340742469,0.893655163354165,4.86711836568728,0.893655163354165,3.9734632023331153,0.8163892685137168,6.5024957176292215,2.282208856770744,2.4285184115847627,4.073977306044458,6.439356637133453,6.900159804832906,6.439356637133453,0.46080316769945284,0.06678152111443912,697.6252455425489,1.0092303950842914,1.0098909261798097,715.2587693755005,717.2856202964286,717.0901806752341,1.0025604877257677,1.002833730962429,3.325339279066867,2.9425993654999067,0.38273991356696024
486,0.016718653962016106,10.836657223699305,201.05245478322038,10.836657223699305,190.2157975595211,0.9461003486110944,213.56688138907828,27.510466094672232,26.938976711122123,186.62790467795617,105.26430226809829,102.16534702469481,105.26430226809829,-3.0989552434034806,-0.030332743279914854,782.8311821103425,0.8655338409178739,0.8694924916643213,882.7325228651489,856.1744917172725,801.3632059807908,0.9078210955451694,0.9699138408748382,101.71924509310861,81.369316884358,20.34992820875061
1643,0.005432606674730778,2.879892986341737,43.16990573294105,2.879892986341737,40.29001274659931,0.9332893380829363,45.81842846281962,6.5644013644654065,6.654084570215516,39.1643438926041,28.535235737818596,53.27351403146059,28.535235737818596,24.738278293641997,0.4643635536982382,568.0560121885854,1.0502331374469203,1.0937821498028168,516.1557683700566,516.8728761732075,506.9910979017807,0.9822443707309197,1.0013893243999101,54.2701973160245,23.464685840694496,30.805511475330004
1750,0.10916022956371307,65.59561820983264,929.8718215607696,65.59561820983264,864.276203350937,0.9294573545634152,941.7549451987552,65.97430208280444,89.75472078220707,852.0002244165481,81.30964115900143,667.8610413088189,81.30964115900143,586.5514001498175,0.8782536543834665,230.75584913725348,1.206385500331059,3.8942323403970383,1029.7414362937468,1804.228160026055,998.8646822119167,0.9700150416468022,1.752117664138919,774.4867237323083,30.876754081830086,743.6099696504782
120,0.14115478098392487,96.96769189291517,1496.3992608735784,96.96769189291517,1399.4315689806633,0.9351993185052052,1580.7518610434863,204.10677402178348,215.46767909707367,1365.2841819464127,179.39361868032407,464.5558679920946,179.39361868032407,285.16224931177055,0.6138384400229407,1004.8779480351162,0.8214772062307659,1.4623007887678916,1014.5821633140886,1628.1638646677077,873.7974792409573,0.8612387550622177,1.6047629492611828,613.5817013536191,140.78468407313136,472.79701728048775
1059,0.06552036106586456,43.89232380070354,420.34262672693575,43.89232380070354,376.4503029262322,0.8955796509564636,500.7180594889754,118.4755059110592,120.86449697315308,379.8535625158223,52.307899682477476,325.778280606872,52.307899682477476,273.47038092439453,0.8394371178304572,463.4363405975121,0.8871303454212579,1.1203902704202457,886.1840106170648,984.6606607699543,794.4761166601722,0.8965137117594405,1.111124381587881,98.47665015288953,91.70789395689258,6.768756195996957
1396,0.04308432713150978,30.396039993244703,48.95841746940367,30.396039993244703,18.562377476158968,0.3791457819844654,110.51939144597588,93.29811619271617,91.56695822276548,18.952433223210406,60.123623970656865,63.606426773924134,60.123623970656865,3.482802803267269,0.054755517326042696,363.7794635375219,0.8347250738510822,0.8251511337242834,459.24095898953664,486.13415912508515,479.8516278162179,1.0448798575632947,1.058560107954485,28.130887541658478,21.723701293408226,6.407186248250252
1677,0.11137556284666061,85.10310730362797,1733.842875518923,85.10310730362797,1648.739768215295,0.9509164823956973,1613.867385446157,35.87257517121929,108.06647422829376,1505.8009112178631,70.63185802537458,1644.8898609460903,70.63185802537458,1574.2580029207156,0.9570598252792747,143.26017571764461,1.134572555021056,12.481836125819422,1043.744110694609,2399.9284706179856,993.086091217547,0.9514650967052173,2.2993456403991965,1356.1843599233766,50.658019477061885,1305.5263404463149
1593,0.018089190125465393,8.982862359192865,147.7809260966843,8.982862359192865,138.79806373749145,0.9392150083474513,150.0663490741732,6.352933099147703,10.804187128677837,139.26216194549536,84.79350463688161,82.98070533180022,84.79350463688161,-1.8127993050813842,-0.021846033940454774,748.8039953235465,0.8867614153150403,0.889182341640758,728.6535731861286,702.0925574966838,663.4130907534153,0.9104643347215864,0.9635478138489001,135.84010975129485,71.0512680424735,64.78884170882135
1025,0.02045869082212448,10.074580118005331,164.30801513251188,10.074580118005331,154.23343501450654,0.9386847920359798,171.54010499283433,12.394273578977737,14.780513795577955,156.75959119725638,73.98395981976982,60.87894344499065,73.98395981976982,-13.105016374779176,-0.21526353174346205,788.778880530895,0.9062044361913263,0.9311656612640432,634.0239220774857,492.58429356975313,578.9848664894656,0.9131908849627071,0.7769175206445177,141.4396285077325,55.039055588019984,86.40057291971252
1442,0.06369036436080933,35.05875158922049,200.7918072975025,35.05875158922049,165.733055708282,0.8253974997233039,274.35491285284644,117.5009639633274,118.67755669968462,155.67735615316184,38.38342424655269,216.63776129832794,38.38342424655269,178.25433705177525,0.8228220970503126,791.998741716986,0.9668074286482053,1.2735329614649082,728.794072307885,949.6560367866584,697.3326081103532,0.9568307902149887,1.3030512635474187,220.86196447877336,62.280872075884474,158.58109240288888
1759,0.0034889262169599533,1.9635069654375528,2.8763845527315914,1.9635069654375528,0.9128775872940387,0.31736979898154233,6.537876277624677,5.541096767443523,5.719888223026153,0.8179880545985236,3.7034784697091716,3.6044169593294435,3.7034784697091716,-0.0990615103797281,-0.027483365963897045,22.69944666105448,0.8368471916955031,0.8412112412628299,494.42409634765755,496.29376956984214,496.2319723867219,1.0036565289847708,1.0037815171954523,2.0200535263003623,2.1201560623721782,-0.10010253607181596
1073,0.009016331285238266,5.4677867049060715,37.289655640875516,5.4677867049060715,31.821868935969444,0.853369879369106,51.69417301818544,21.881467926026133,21.042747203169146,30.651425815016292,12.865376921462484,4.907775287152599,12.865376921462484,-7.957601634309886,-1.6214274633031824,559.7662367589608,0.977016518545397,0.9986453474076948,671.6990071506906,643.2131805761642,636.6185919803814,0.9477736087193008,0.9575913820457147,31.597941452107946,35.080415170309095,-3.482473718201149
415,0.004412402864545584,2.9700581644054376,23.869011089403386,2.9700581644054376,20.89895292499795,0.8755684450737891,29.19133641293504,7.0547883978754085,7.15298982628331,22.03834658665173,6.472176028228621,6.365157773827491,6.472176028228621,-0.10701825440113044,-0.01681313459992655,781.7609876538421,0.9917210296619527,0.9918579234902346,541.7916376969257,527.6838930073861,536.7461320212252,0.990687368861675,0.9739609405019438,14.107744689539654,5.045505675700561,9.062239013839093
1140,0.0022907648235559464,1.2385363368644882,1.278526834525538,1.2385363368644882,0.039990497661049895,0.03127857513908997,2.730602538487051,2.2442216968993614,2.6605423171177267,0.07006022136932444,1.3867271431346768,1.5421291768076013,1.3867271431346768,0.1554020336729245,0.10077108715018672,11.188464596029474,0.999680800758245,0.908419633408986,416.5231705808074,415.8559008108121,415.9374740777877,0.998593844125879,0.9983980008385491,2.095005534113151,2.0263564924772197,0.06864904163593133
352,0.0011544761946424842,1.620066967211337,0.0,1.620066967211337,-1.620066967211337,0.0,67.4802505649223,67.4802505649223,66.52956271507307,0.9506878498492313,12.603012657339633,0.0,12.603012657339633,-12.603012657339633,0.0,241.59148949307425,0.9478725636692714,1.0,1035.0111253623313,1035.0111253623313,1035.052025931251,1.000039517033119,1.0,0.0,0.04090056891959648,-0.04090056891959648
333,0.08433344960212708,54.37330353377692,853.951846580154,54.37330353377692,799.578543046377,0.9363274360825762,911.2165563143691,118.84088446795346,124.55381781664745,786.6627384977216,24.790195942703765,837.6301876605324,24.790195942703765,812.8399917178286,0.9704043666191857,698.479628268466,1.0033988814642674,2.1992192094950878,881.6184016644181,1622.028977705097,862.3113232254271,0.9781004135093586,1.83983112721201,740.410576040679,19.30707843899097,721.103497601688
378,0.13730576634407043,86.4844082101551,848.2112761761468,86.4844082101551,761.7268679659917,0.898039072764938,921.0022553846666,116.77640120277127,141.1312553985501,779.8709999861164,51.85205186903985,937.2815838374205,51.85205186903985,885.4295319683806,0.9446782559657824,469.3452199806026,1.0123045848507697,2.9969982518968807,925.1533878129206,1176.2563959239644,836.82509969592,0.9045257907709657,1.2714177037222507,251.10300811104378,88.32828811700062,162.77471999404315
1892,0.06931009143590927,40.182636167429465,716.0122024323907,40.182636167429465,675.8295662649613,0.943879956192194,722.8607307006789,53.01921089004374,66.86955660201778,655.9911740986611,72.09366583367368,381.17268579182723,72.09366583367368,309.07901995815354,0.8108635048602439,183.29284852618352,0.77267835172426,3.0795829671302006,575.6934204421592,1029.2175347551727,545.8034772066056,0.9480801027522657,1.7877875588098366,453.5241143130134,29.889943235553556,423.6341710774598
424,0.01266314834356308,9.492852201072543,68.18254289664833,9.492852201072543,58.689690695575784,0.8607729809159231,82.01785074274163,20.10184703869949,20.419070360590627,61.598780382151006,68.4537960474217,74.16697913081005,68.4537960474217,5.713183083388344,0.07703135749012871,761.697718829876,0.9101299710433939,0.9026293800055675,648.8122735654421,652.7081109098128,605.9314585922489,0.9339087487701971,1.0060045678898177,79.2443025164846,42.88081497319314,36.363487543291455
653,0.05554383620619774,46.76741300139541,963.8525094057229,46.76741300139541,917.0850964043275,0.9514786624042401,893.8708945820837,12.336407946530949,52.69080256732489,841.1800920147588,95.44504987626793,455.4366294683818,95.44504987626793,359.99157959211385,0.7904317665716123,753.6841196519845,0.8733619995597893,1.6042805169872507,980.2235443469583,1262.6955609475444,882.8043034495267,0.9006152816270763,1.2881710179577188,282.47201660058613,97.41924089743156,185.05277570315457
1037,0.007202648092061281,4.1412608884716375,47.66476117278452,4.1412608884716375,43.52350028431289,0.9131169277559247,51.68321608954513,6.8036761201148295,7.574873491421246,44.10834259812388,30.899894861156167,32.967406481623044,30.899894861156167,2.0675116204668775,0.06271380861031232,340.91657274783523,1.0394448968327419,1.0417465485144368,932.6363530983625,927.5163731495867,926.2013975140245,0.9931002522441248,0.9945102076154694,29.665607368471,27.996430924798688,1.6691764436723133
1607,0.010594083927571774,7.029979314689959,17.771718665067866,7.029979314689959,10.741739350377905,0.6044288429735215,28.552071665068553,20.054108099623033,20.088147038018107,8.463924627050446,17.46918968508273,18.71295311683347,17.46918968508273,1.243763431750743,0.06646537422422653,746.8911968622486,1.02338920281625,1.0250544566537243,564.0920277705058,585.2264076161082,574.9092754530428,1.0191763881600857,1.0374661913396173,21.134379845602478,10.8172476825371,10.317132163065377
927,0.00629396690055728,4.354628341408278,6.330412298939189,4.354628341408278,1.9757839575309113,0.31210983806884124,14.192929621394113,12.012465938745937,12.523147731487942,1.6697818899061705,6.683394062848379,6.774000225105776,6.683394062848379,0.09060616225739704,0.013375577095730349,770.0894835081161,1.0086787239742612,1.0087963806416977,996.7995204764786,999.1061702482517,999.0528953016178,1.002260609860709,1.0023140558601698,4.418480412684687,4.3771308262198545,0.041349586464832555
495,0.045503921806812286,31.93563893469059,287.5801674269637,31.93563893469059,255.64452849227314,0.8889504821545066,343.6948382542405,79.96410938378274,81.86717077293109,261.8276674813094,133.31530630764652,375.6587948336259,133.31530630764652,242.34348852597938,0.6451159718842999,854.0104031047331,0.8438949855610867,0.56012386562514,516.3580252899474,469.1217648903692,455.42766014083355,0.8819997711570379,0.9085203326256934,342.3892829417846,71.68204995726126,270.70723298452333
1483,0.06336387246847153,42.83219126506525,363.95896245470726,42.83219126506525,321.126771189642,0.8823158771082729,437.33906122834134,102.19167338533245,109.62879263604172,327.7102685922996,122.85455513979717,463.5843958404998,122.85455513979717,340.7298407007026,0.7349898826575985,822.9436147953969,0.8507132773970889,0.7335335382954057,518.2631701237203,498.1388803630832,503.0248019344699,0.9705972388784395,0.9611697474936661,326.5955596883243,85.1932547535261,241.40230493479817
1529,0.0025739972479641438,0.9068365234366915,5.648764952284508,0.9068365234366915,4.7419284288478165,0.8394628682381371,7.131588245046448,2.0817533042805345,2.360452847069793,4.771135397976655,8.299034177073528,7.761078827628769,8.299034177073528,-0.5379553494447586,-0.06931450657731811,748.8423575779034,0.9889175150242352,0.9896358976637866,498.599664973725,494.33460372660545,494.2595577156618,0.9912954067903517,0.991445920351061,4.846680305355221,4.8755237761956,-0.028843470840378416
1164,0.0001222730934387073,0.35557829004000824,0.0,0.35557829004000824,-0.35557829004000824,0.0,46.44448680196686,46.44448680196686,46.39120456846775,0.05328223349911099,0.07100647151694754,0.0,0.07100647151694754,-0.07100647151694754,0.0,307.0674745138271,1.0000262550808043,1.0,429.9250193312484,429.9250193312484,429.9260815957981,1.0000024708135185,1.0,0.0,0.06173929839937742,-0.06173929839937742
618,0.0535680390894413,48.24161227684125,555.2585527555239,48.24161227684125,507.0169404786826,0.9131186506944601,527.5199709370986,6.849972367347278,36.61314227740505,490.90682865969353,4.033585048069379,433.2551545581669,4.033585048069379,429.22156951009754,0.9906900471797437,275.2313492349743,0.9906636146175757,2.5741490050549527,556.0031052924905,882.6944883026473,525.3876835673121,0.9449365993935,1.5875711482551842,368.7734948086666,32.97955789368267,335.79393691498393
453,0.08897985517978668,53.78246034220126,910.4141891518047,53.78246034220126,856.6317288096035,0.9409252832578234,926.7635088774666,70.83136850877852,89.25199761954181,837.5115112579248,27.060553591897712,672.8763350398639,27.060553591897712,645.8157814479662,0.9597837638467482,301.4052286059835,0.9328393103744267,3.232464042352402,1089.935329381411,1570.4289618457767,989.8711200901571,0.9081925261124941,1.440846002062405,480.49363246436565,100.06420929125397,380.4294231731117
1258,0.0026613993104547262,1.709912519224483,2.0020356647449273,1.709912519224483,0.29212314552044427,0.14591305772650295,4.662878315339758,4.225581227405956,4.330300025617528,0.33257828972223,0.12943312407927957,0.13021719813229993,0.12943312407927957,0.0007840740530203616,0.006021278788564832,359.6531165645538,1.0001197930766794,1.000111567728836,635.5945209693384,633.1815178936234,633.1475135129281,0.9961500494801647,0.9962035495963135,2.429314717901917,2.4644401929072117,-0.035125475005294504
877,0.1514114886522293,109.70885657828343,1735.1787254441958,109.70885657828343,1625.4698688659123,0.9367737426874003,1656.6904653137142,37.402719352807864,117.96796664849177,1538.7224986652225,137.3300622863881,1962.6698654882882,137.3300622863881,1825.3398032019002,0.9300289545882328,144.51376812719317,1.3635915623479988,14.581196386498295,1059.0095065515839,2614.5997929555297,1014.584222769399,0.9580501558226372,2.4689105969117886,1555.5902864039458,44.425283782184806,1511.165002621761
985,0.07750646024942398,59.10118076079531,554.5459394381419,59.10118076079531,495.44475867734656,0.8934241934569463,542.5535842153482,12.404586653865167,42.18405296157354,500.36953125377465,33.95170436930838,324.16783716458553,33.95170436930838,290.21613279527713,0.8952650433606387,768.3386904652865,0.9558115388556729,1.4219074754237322,558.349679512476,998.0633967613223,535.8702151895156,0.9597394515519588,1.7875239001350967,439.7137172488463,22.479464322960318,417.234252925886
824,0.07510662078857422,64.03444349728878,559.6655608116932,64.03444349728878,495.6311173144045,0.885584449033422,538.7198557701383,6.753049529308059,40.30897803861716,498.41087773152117,36.195959173638165,585.8641208139728,36.195959173638165,549.6681616403347,0.9382178257932076,29.926095007204683,2.2095116040005895,20.577032040863557,980.327507106903,1493.0913247615833,888.875960443582,0.9067132708198625,1.5230535856001073,512.7638176546803,91.45154666332098,421.31227099135936
1116,0.02060946449637413,8.657701833792473,155.498770564219,8.657701833792473,146.8410687304265,0.9443230206748358,169.61488339962196,20.356624990856407,20.862162262366503,148.75272113725546,11.06449139990348,156.45586502117246,11.06449139990348,145.39137362126897,0.9292804306287515,87.32831567570751,0.9424409465559304,2.791582304211261,1023.382099962793,1204.636851104027,989.4727789653546,0.9668654347201585,1.1771134663659097,181.25475114123412,33.909320997438385,147.34543014379574
4,0.15752935409545898,95.19971571958727,762.2230551854212,95.19971571958727,667.0233394658339,0.875102550268007,919.4240709101549,213.983656830162,227.65873282416908,691.7653380859858,210.99486236790287,455.2126408682553,210.99486236790287,244.2177785003524,0.5364916449476023,931.9933141887926,0.7736090386532947,1.4884290841340126,804.1613120467,1444.117988760142,640.3987896501618,0.7963561291207354,1.79580634771482,639.9566767134421,163.7625223965382,476.1941543169039
1010,2.6725305360741913e-05,0.035269767487372074,0.0,0.035269767487372074,-0.035269767487372074,0.0,10.950409522041893,10.950409522041893,10.938817066394702,0.011592455647191358,0.004491864168945388,0.0,0.004491864168945388,-0.004491864168945388,0.0,408.8664984176567,1.0000092495250412,1.0,526.1257196921246,526.1257196921246,526.1254410601348,0.9999994704079664,1.0,0.0,0.0019679435402508716,-0.0019679435402508716
1425,0.028275389224290848,18.80993795037473,268.4132056169916,18.80993795037473,249.6032676666169,0.9299217119100492,289.9359774439141,36.92110308451636,39.22270953153483,250.71326791237928,69.57863481277793,8.352310789589373,69.57863481277793,-61.22632402318856,-7.330465252742187,748.3082387786116,0.9070187508207257,0.9904296294383798,728.6482212320841,704.1724137655677,679.0127763806518,0.9318800987841528,0.9664092949748374,175.62616244592826,49.635444851432396,125.99071759449586
95,0.014230997301638126,10.285624239370447,14.696982728613674,10.285624239370447,4.411358489243227,0.3001540228154938,32.33460302261507,28.587215030545067,28.702095697468863,3.6325073251462072,1.955381421305314,2.243179207359958,1.955381421305314,0.2877977860546441,0.12829906104263467,189.93628107755578,0.9922782561384882,0.9924108177985351,633.4206475631847,624.8398144787778,625.0505635508704,0.9867858996316039,0.9864531838085513,8.580833084406898,8.370084012314408,0.21074907209249005
1887,0.08506886661052704,53.96081121735983,271.6286405698138,53.96081121735983,217.66782935245396,0.8013434404260075,374.1166905608884,151.33421572744834,155.2176171181649,218.8990734427235,77.98896894784009,437.68500920549326,77.98896894784009,359.6960402576532,0.8218148501603713,940.7125532383089,0.9170958560302286,0.5347303406350788,617.3820671150891,710.7100242282646,587.9851310127675,0.9523845319322475,1.1511672626794613,393.05771189160777,76.38706019631441,316.6706516952934
99,0.027575736865401268,17.405973242211417,133.26287509874433,17.405973242211417,115.85690185653291,0.869386179539395,161.34457776005675,36.93545307709906,38.3385776095,123.00600015055676,21.041984120426832,110.22190970548479,21.041984120426832,89.17992558505796,0.8090943608521078,742.8600054870955,0.9716743612995701,1.1483750759111226,1006.7258639618159,1114.8067226700828,985.5190186076816,0.9789348360727735,1.1073587781711807,108.08085870826687,21.206845354134316,86.87401335413256
373,0.0034732541535049677,1.4177663190862286,13.493481511999914,1.4177663190862286,12.075715192913686,0.8949295392871446,13.654008133021602,0.7074602879176813,1.4505923285843436,12.203415804437258,1.1727987922429113,9.889877234162242,1.1727987922429113,8.71707844191933,0.8814142213826724,3.962985369396229,1.0458929487658113,3.4955623885305918,465.668549920051,465.8590182365644,460.4894328433909,0.9888781042276759,1.0004090212159402,8.474480713421451,5.179117076660087,3.2953636367613646
1181,0.04699186608195305,26.998661356047396,484.4330204091857,26.998661356047396,457.4343590531383,0.9442675040333904,519.8091207435322,66.43112185681352,69.90079150647267,449.9083292370595,20.874608455948685,349.24327833752494,20.874608455948685,328.36866988157624,0.9402290330244395,689.5705682235692,0.9697281041014777,1.5064648847140107,896.8938408520402,1252.7046956676222,873.2541389638002,0.9736426979297991,1.3967145704530264,355.81085481558205,23.639701888239983,332.17115292734206
1403,0.02245686948299408,14.8576859872113,187.66792859804144,14.8576859872113,172.81024261083013,0.9208299143161834,224.45439059554064,51.3136884696856,50.070747635493476,174.38364296004715,38.55471576164248,149.66510975910435,38.55471576164248,111.11039399746187,0.7423934287443561,498.2688304148581,0.9226226618880778,1.3003702030377726,612.7016919816439,812.5309678550276,572.3703602045853,0.9341746035552536,1.3261444818718902,199.8292758733838,40.33133177705856,159.49794409632526
1811,0.17002509534358978,166.8317025632704,1370.6373287717613,166.8317025632704,1203.8056262084908,0.8782816584218017,1301.2569942840703,5.935228460769495,100.3078676003594,1200.9491266837108,81.20558662272327,601.4892797975286,81.20558662272327,520.2836931748054,0.8649924622928302,600.7629297424927,1.0046990005251466,2.001209046063057,734.0738979604861,1680.875597556051,734.0383382064119,0.9999515583455931,2.289790717564146,946.801699595565,63.05698871287801,883.744710882687
1283,0.18677183985710144,142.1942962779109,191.28106092742533,142.1942962779109,49.086764649514436,0.25662114383681,411.38950385469565,358.27285210129315,376.25583567519016,35.13366817950549,100.2836333669427,206.00025247242579,100.2836333669427,105.71661910548309,0.5131868424269713,1520.228388006505,1.0659661628200785,1.1355061213812463,1061.800317352296,1161.0694059600064,1035.9330271143083,0.9756382722671526,1.0934912967960377,294.0190298901395,148.73426350328327,145.28476638685623
1350,0.0072708455845713615,5.269545582184359,14.711400034541901,5.269545582184359,9.441854452357543,0.6418052959057852,23.758396785483516,16.84254013256746,16.830910613022752,6.927486172460764,5.822846053053581,6.004018370815952,5.822846053053581,0.1811723177623703,0.03017517711854516,735.0237708288579,0.992078016678988,0.9918315317012872,687.9247293972322,691.1865447598401,691.3297754234178,1.0049497363311377,1.0047415294482376,9.634302450373212,9.562842374699613,0.07146007567359902
737,0.002024902729317546,1.0726805175730971,1.1943007312314735,1.0726805175730971,0.12162021365837639,0.10183382667192267,2.7624086739070695,2.3535708573764245,2.581718813629401,0.1806898602776683,0.8898859564666868,1.0485719380969492,0.8898859564666868,0.15868598163026237,0.15133533128710389,8.874393474938907,1.027512079481,1.0188678698538205,687.320934223816,688.8684116891511,688.8382444799581,1.002207571718815,1.002251462727645,1.5474774653350494,1.5173102561421388,0.030167209192910605
1232,0.0022860600147396326,1.0661445648549182,2.159763599856267,1.0661445648549182,1.093619035001349,0.506360527177201,3.8497364447660005,2.845465210109126,2.940642897056137,0.9090935477098636,1.74971598202766,1.7589122436996718,1.74971598202766,0.009196261672011818,0.005228380042809031,14.245008345212014,0.9455599591566528,0.9445888770152523,687.8295280800824,687.4788231620083,687.4588382559062,0.9994610731161676,0.9994901281440287,1.9727853088019742,2.009345826174254,-0.03656051737227983
1321,0.0014609195059165359,0.941113827477463,0.7463716456370129,0.941113827477463,-0.1947421818404501,-0.26091851556638607,2.0862423338458425,1.8832875341585351,2.224584024028867,-0.13834169018302456,0.36821027084052577,0.3553026303138722,0.36821027084052577,-0.012907640526653552,-0.03632858139904852,675.9819196192852,1.0005447043184938,1.000525609664995,758.2574815623987,758.1072844811456,758.1173228668081,0.9998151568576655,0.9998019181018253,0.6434385274239531,0.6293903300236607,0.014048197400292395
571,0.0011320565827190876,0.6296122419105896,0.36194644019543015,0.6296122419105896,-0.26766580171515947,-0.7395177075664439,1.3051989018862022,1.1783419912252004,1.6849351339124858,-0.3797362320262836,0.2458807760970482,0.23346144453986048,0.2458807760970482,-0.012419331557187718,-0.053196499240658474,839.7315291161655,0.9997071912062706,0.9997219808516828,589.9494642595371,589.6433889669757,589.6683433295506,0.9995234830319927,0.9994811838791218,0.30607529256118937,0.28112092998648563,0.024954362574703737
971,0.0026812974829226732,1.004983639155777,1.3685770478346582,1.004983639155777,0.36359340867888124,0.265672589829088,3.2127353756202104,2.6030989841344687,2.90649881289107,0.30623656272914035,0.8617812269196369,0.9297508613801332,0.8617812269196369,0.06796963446049631,0.07310521267988004,854.9894878442365,1.0000696565480933,1.0001312599081416,459.85028495147907,460.3127558338496,460.14185146468293,1.0006340466076575,1.001005698805687,1.075614647178437,0.8932357211091588,0.18237892606927808
1706,0.00808801967650652,5.2643908005308315,25.00620719013144,5.2643908005308315,19.741816389600608,0.789476638320089,34.228152038522104,14.404579116200358,14.34364567667459,19.884506361847514,35.387901048020204,35.13052815384655,35.387901048020204,-0.25737289417365616,-0.00732618914940724,788.7405989704258,1.0448663364028852,1.0445400277349788,712.5454567650232,733.2494912067203,727.6847707053479,1.021246804392042,1.0290564401823485,20.70403444169712,16.09614127476355,4.607893166933572
1635,0.03699340671300888,28.83034489163709,43.17123458598826,28.83034489163709,14.34088969435117,0.33218623075944365,94.34606752750943,78.90582634637212,82.94350903662874,11.402558490880693,39.97297155784516,42.8466076881067,39.97297155784516,2.873636130261538,0.06706799640194613,888.2466425318561,1.0450021082476668,1.0482372863982652,647.9482379276774,648.4228809148397,648.4366556681807,1.0007537912936773,1.0007325322601082,35.64771241036702,33.95907201707771,1.6886403932893117
795,0.0037892733234912157,2.451244359991875,23.436652165336195,2.451244359991875,20.98540780534432,0.895409790498262,24.594166058397573,1.8936402309835232,3.1437647366194703,21.450401321778102,12.8498708892771,13.399214718282016,12.8498708892771,0.5493438290049166,0.040998210757484665,750.8622117729574,0.9828865127478774,0.9821548953880055,567.7710624265462,559.1994008092233,557.3246947599293,0.9816010917816574,0.9849029614494806,8.57166161732286,10.446367666616851,-1.8747060492939909
944,0.008878241293132305,5.126231499155381,47.1781002562489,5.126231499155381,42.051868757093516,0.8913429860186795,51.88934988053445,6.888138776797807,8.046712965900136,43.84263691463432,4.910395784236887,9.961426325419183,4.910395784236887,5.051030541182295,0.5070589668763871,316.39634405506035,0.9844802385473127,1.031484012102509,699.5491953626884,723.4270639774013,707.7321606404404,1.0116974836537542,1.0341332228998323,23.87786861471301,13.272860879119747,10.605007735593261
395,0.059863340109586716,46.324270271084835,59.915092856040374,46.324270271084835,13.59082258495554,0.2268347078691938,129.8795309150828,114.5498968766191,118.51528018791062,11.364250727172177,10.967297487816248,3.8048860005150877,10.967297487816248,-7.16241148730116,-1.882424726084184,629.3150587377245,0.9853111202106299,0.9957841335937737,571.132669805332,559.5675809487408,540.5046326557541,0.9463731655203382,0.9797506088024468,52.34617060093797,33.51991072900515,18.82625987193282
584,0.039701320230960846,27.179465072370924,464.8392167091249,27.179465072370924,437.659751636754,0.9415293200414745,496.50071080140566,67.21519227936174,66.69702631029654,429.80368449110915,49.67343689586187,363.4114949019777,49.67343689586187,313.7380580061158,0.8633135231199547,798.7289183063799,0.9378093922013127,1.4549872761243619,1091.998171155236,1410.6931999514236,1039.958347413193,0.9523444039407232,1.2918457532387961,318.69502879618767,52.03982374204293,266.65520505414474
405,0.0003722172696143389,0.4307590737594664,0.0,0.4307590737594664,-0.4307590737594664,0.0,1.3914224486748388,1.3914224486748388,1.5269080818613,-0.13548563318646112,0.1197561859118735,0.0,0.1197561859118735,-0.1197561859118735,0.0,5.176973961963565,0.9930094079956117,1.0,521.1784322468329,521.1784322468329,521.1808831509518,1.0000047026199996,1.0,0.0,0.08977125119355378,-0.08977125119355378
1875,0.09424871951341629,57.835061117854345,364.6490289844939,57.835061117854345,306.81396786663953,0.8413952690922599,493.24048625345193,204.90435451351632,205.27238372651456,287.9681025269374,59.7553961494109,196.5945403214162,59.7553961494109,136.8391441720053,0.6960475298463749,905.0694951155882,0.9841479986228345,1.2172148562981993,924.195251887767,1186.9381015827607,869.3643632208759,0.9406717481453263,1.284293658897634,262.74284969499377,54.83088866689104,207.91196102810272
190,0.0749201774597168,46.092565803778,961.7761184785486,46.092565803778,915.6835526747706,0.952075576718735,934.0190155904096,36.63901423070274,64.38835069817767,869.630664892232,29.789988711880067,1064.8936145633463,29.789988711880067,1035.1036258514662,0.9720253851610375,816.6998021159237,0.9635239427820363,2.303898460369889,643.4277766928733,1555.7432365397374,621.7491203734367,0.9663075529147004,2.417898780397755,912.3154598468641,21.678656319436598,890.6368035274274
1022,0.0354582853615284,25.62071563065709,66.72998652397857,25.62071563065709,41.10927089332148,0.6160539366893082,110.92892711675559,73.63460751037152,73.78122748458706,37.147699632168525,85.63433216698915,99.2618801183507,85.63433216698915,13.62754795136155,0.13728883570524072,931.90174570395,0.9643703229705504,0.9607836483097891,733.1555580190138,763.5384267389758,730.8609454509402,0.9968702241386894,1.041441230837909,97.91434598053588,57.35073493988951,40.56361104064637
430,0.1285165697336197,81.57061581480028,1352.7707369958662,81.57061581480028,1271.200121181066,0.9397010789899652,1322.5749861212137,17.06237905131636,81.2292467752426,1241.345739345971,80.4666876709609,1071.8259416852025,80.4666876709609,991.3592540142415,0.9249256016844999,862.3046866496916,0.9066841582601182,2.2429782167247203,865.4285310439514,1836.143813895137,769.8156521805826,0.8895196131932088,2.121658517174409,970.7152828511857,95.61287886336885,875.1024039878168
1567,0.04757227748632431,38.97662737753713,466.06763174028947,38.97662737753713,427.09100436275236,0.9163713059583242,445.35935129248804,6.796708429865267,29.92133693488093,415.43801435760713,107.89592111313102,325.69456265407894,107.89592111313102,217.79864154094793,0.6687205330236736,785.1093907374861,0.8625721174831702,0.585160276393917,560.6691627729009,648.844699491871,507.86543587137635,0.9058201691700446,1.1572683902979084,369.01131457891626,52.803726901524584,316.20758767739164
182,0.03497255966067314,15.862986267198615,273.9967402226936,15.862986267198615,258.13375395549497,0.9421052007614915,298.7384270735961,34.965950349402625,37.181416082917494,261.5570109906786,23.593262577002907,161.98066740759364,23.593262577002907,138.38740483059073,0.8543451946790974,131.3402848630026,0.8752731388562381,2.233290057019072,1019.3380855371471,1132.4099535238274,931.8474287659412,0.914169147594341,1.1109267568738945,113.07186798668033,87.49065677120586,25.581211215474468
1597,0.025638937950134277,16.04887344252751,150.6178799509368,16.04887344252751,134.5690065084093,0.8934464258310144,164.889113096347,22.545390307779094,27.045196175469872,137.84391692087712,36.93467978054855,40.84407603273595,36.93467978054855,3.909396252187399,0.09571513501870071,743.5226423178597,0.9503247410658427,1.0544288527569354,734.3948079068019,760.7559253204867,692.9433357769608,0.9435569646141868,1.0358950214923497,55.43607039253002,41.45147212984127,13.984598262688749
1417,0.022533195093274117,13.755421793433271,388.13273822193446,13.755421793433271,374.3773164285012,0.964560006310089,370.89628010254916,16.537875870357897,21.772271393060823,349.12400870948835,44.18076364805222,452.9455225538909,44.18076364805222,408.7647589058387,0.9024589902137831,744.7300758955301,0.9406754674236495,1.6082009270395432,880.3282916842057,1245.4749063404533,833.159378968446,0.9464189517009408,1.4147845958212533,365.14661465624766,47.16891271575969,317.977701940488
548,0.005220819264650345,3.197815106691535,46.50631435132238,3.197815106691535,43.308499244630845,0.9312391198637179,50.38221123019065,7.117057456305326,7.069917716696935,43.312293513493714,12.275208874120532,26.5609234902448,12.275208874120532,14.285714616124269,0.5378470602263161,755.8371210136552,1.0162405477752379,1.0351410677668542,984.4755126215381,1010.598019838836,996.4878062492761,1.0122017190613006,1.0265344408087276,26.12250721729788,12.012293627738018,14.110213589559862
1340,0.0021707976702600718,1.2746699445753253,1.4392780026284917,1.2746699445753253,0.16460805805316636,0.11436849430933407,4.008280017113134,3.59714893500916,3.797105680846524,0.2111743362666103,1.262254467393916,1.268389227418652,1.262254467393916,0.006134760024735897,0.0048366541532530866,591.6303530590147,0.9991826172641726,0.9991715653496074,704.1252119823921,704.5975144601292,704.6008051863859,1.0006754383963254,1.0006707649004747,1.2714951945774071,1.2675595277880614,0.00393566678934576
1549,0.09506657719612122,87.7983245833407,993.046293667906,87.7983245833407,905.2479690845653,0.9115868765200767,937.5790125293701,7.184154251667023,66.37803172688353,871.2009808024866,30.46810901644894,1171.7042715874047,30.46810901644894,1141.2361625709557,0.9739967586060164,769.0689672335199,1.0396168748376993,2.5235360175853114,632.8146356191066,1559.6714443933192,626.9703887503505,0.9907646780908622,2.4646576684615287,926.8568087742125,35.574742415925826,891.2820663582867
1886,0.09408990293741226,62.79409279121234,750.3561764629461,62.79409279121234,687.5620836717337,0.9163142854541249,889.6722936790527,207.41836887965454,204.9467952530111,684.7254984260417,160.4279218010014,108.04028934187295,160.4279218010014,-52.38763245912844,-0.4848897830452651,1046.0415247120216,0.8466333142509157,0.9943526579857314,1142.7090182168042,1196.1314733774202,992.6296020783913,0.8686634884770476,1.0467507075808167,53.42245516061598,150.07941613841297,-96.65696097779698
1495,0.047259263694286346,33.63013116583871,232.66194332576774,33.63013116583871,199.03181215992902,0.8554549545786669,316.40301513146153,136.5758396801305,131.71570533823547,184.68730979322606,94.90572145574663,175.03909688091196,94.90572145574663,80.13337542516533,0.4578027243803946,990.4326564135505,0.904177511877073,0.9093160587858791,824.7424379048113,773.5500666865024,753.8682467865899,0.9140650609682809,0.9379292626818637,115.10944128592858,70.87419111822126,44.23525016770732
923,0.01712416298687458,11.17566083490955,161.70521743215517,11.17566083490955,150.52955659724563,0.9308886811917594,163.76007056160847,12.27763862088873,16.884208935189776,146.8758616264187,46.7561193504641,195.1378831989849,46.7561193504641,148.3817638485208,0.7603944524560297,763.7193185432621,0.9387783990594243,1.255509947779239,673.3585784962158,736.6891801842651,635.1962269702685,0.9433253651996627,1.0940518227739562,131.24784465369802,38.16235152594723,93.0854931277508
1352,0.004571264609694481,2.422603377689337,11.374843742569807,2.422603377689337,8.95224036488047,0.7870209532089782,15.9369091818112,7.116236977042507,6.990452991362105,8.946456190449096,1.636199145763669,2.20429133926217,1.636199145763669,0.5680921934985008,0.2577210114560697,385.0434594250043,1.0029062471007526,1.005724785826914,551.8912482482424,553.9326732127424,553.603302911381,1.003102159471767,1.003698962378874,12.130556458871078,11.205034654413254,0.9255218044578246
20,0.021649792790412903,16.2808231618494,19.547747224053573,16.2808231618494,3.266924062204172,0.16712534824392503,42.745846540304775,38.18564706246667,40.07258455531965,2.6732619849851247,26.01633543112045,25.963045427302404,26.01633543112045,-0.05329000381804505,-0.00205253285741302,819.6299954356872,1.0039276494791225,1.0038053280995356,636.0175237284525,617.551455374031,617.5940801788624,0.9710331195882962,0.9709661013014704,26.583504069935714,26.58221528700794,0.0012887829277730134
805,0.12506932020187378,83.61662018741524,734.9298900180517,83.61662018741524,651.3132698306364,0.886225038166074,868.7288312778194,197.2074850331153,207.3373466565556,661.3914846212638,170.5396469864725,356.5101626059574,170.5396469864725,185.97051561948493,0.5216415550684705,988.9673316552468,0.8275578560304533,0.776759390096716,1072.401541417923,639.4356667435995,889.6685457026011,0.8296039415667816,0.5962651507364877,432.96587467432346,182.73299571532186,250.2328789590016
1323,0.0025463278871029615,0.8450586236887,4.9398798412682465,0.8450586236887,4.094821217579547,0.8289313402668227,5.680835404233876,1.0073804115190315,1.1899031620157878,4.490932242218088,0.793558157919262,0.7159797023526858,0.793558157919262,-0.07757845556657617,-0.108352869937033,82.136076993846,0.995297477268108,0.9987637161050262,662.7656186359712,658.6406796417617,658.4479314472487,0.9934853482629218,0.9937761723326883,4.1249389942094865,4.317687188722526,-0.19274819451303937
1346,0.017957404255867004,11.09774670607727,156.37867974188526,11.09774670607727,145.280933035808,0.9290328660889392,183.21663436917925,43.573083323458654,42.294308203417174,140.92232616576206,31.552690159020813,202.85999359824373,31.552690159020813,171.30730343922292,0.8444607554237151,538.6517845772055,0.9414228429897675,1.3766069275301316,701.3000103529712,816.3704314389146,661.2295784154261,0.9428626388906265,1.1640815904565969,128.69170214722607,40.07043193754521,88.62127020968086
1373,0.010702702216804028,7.359744074201064,74.89877306707248,7.359744074201064,67.53902899287142,0.9017374547963509,75.87577323809866,3.1270218082316013,7.246169654654097,68.62960358344456,10.190793902744417,45.309036757949876,10.190793902744417,35.11824285520546,0.7750825302867126,870.5701992836683,1.0094289842269455,1.0520452420669024,553.2815227911267,617.8196245401072,555.1252503382684,1.0033323497554025,1.1166460456214162,64.5381017489804,11.955812388037547,52.58228936094285
1496,0.013581490144133568,7.095349096034163,108.0929861453528,7.095349096034163,100.99763704931863,0.9343588390971729,116.35261021758537,16.432986026694156,16.790174420623934,99.56243579696144,30.696126087347846,49.15003466788992,30.696126087347846,18.453908580542073,0.3754607439289997,757.3909258852451,0.9594712254421719,1.0648938784293498,908.4885230048436,866.0228369933241,848.979648876602,0.9344968344438576,0.9532567721702598,64.72412115938329,59.50887412824156,5.215247031141729
926,0.018517084419727325,12.016465906964854,19.817454507981196,12.016465906964854,7.800988601016343,0.39364231152263307,43.32653641772022,35.64220501645239,37.02401484531327,6.3025215724069525,19.048689866291227,26.290147111156628,19.048689866291227,7.241457244865401,0.2754437704075219,150.21212219480591,0.8731880650644992,0.9566004251770094,1004.454134583669,1014.0964315849176,1014.2532712670749,1.0097556835558923,1.0095995393609936,9.642297001248608,9.79913668340589,-0.15683968215728328
608,0.004369235597550869,2.592883202121021,6.257193938217433,2.592883202121021,3.664310736096412,0.5856156565190803,10.661056392517166,7.603284770618538,7.750594655111035,2.9104617374061306,2.140173406520186,2.285447009067184,2.140173406520186,0.14527360254699806,0.06356463395154026,841.9126220313619,0.9985598103989332,0.9987564824734922,917.5031609564284,915.7764588594002,915.6233710065347,0.9979511896744485,0.9981180423452404,3.271868068499032,3.1492408647714,0.1226272037276317
302,0.06901971250772476,51.263870782452884,490.32267878703084,51.263870782452884,439.05880800457794,0.8954487055151714,486.93136369641934,18.82265185640847,44.40346744075148,442.5278962556679,43.15539097161335,490.6376537543726,43.15539097161335,447.4822627827592,0.9120422359731521,841.2112558313635,0.9486985098303717,1.2038114795389832,921.8533899410731,786.0493954371926,855.9298241692059,0.9284880150236458,0.8526837391002474,454.15539381957734,65.92356577186729,388.23182804771005
612,0.09919960796833038,88.54191285523329,108.35642389835095,88.54191285523329,19.814511043117662,0.1828642025110171,253.13955801965162,217.896943830485,238.64378466495756,14.495773354694052,79.21114631493288,111.41915860475376,79.21114631493288,32.208012289820886,0.2890706831136195,832.0021284829976,0.9143842849251527,0.9168338973041512,714.875083921314,674.8434451236776,666.2080482656104,0.9319223221646646,0.9440019106861995,116.11149314658556,124.66776240049546,-8.556269253909903
236,0.1376810371875763,90.63719879518959,862.6056730167182,90.63719879518959,771.9684742215286,0.8949262662762096,930.1322560673062,115.2272414450609,140.71385904655511,789.4183970207512,75.11998462635411,983.8417992104174,75.11998462635411,908.7218145840633,0.9236462765795865,891.1077562190702,0.9157004480074499,2.104066026071654,465.4795165056208,1343.1653317643577,446.54224659983953,0.9593166417978082,2.88555196122822,877.6858152587369,42.55869615023318,835.1271191085036
1131,0.004796306602656841,2.3940973310891165,11.229549491656691,2.3940973310891165,8.835452160567574,0.7868037953910904,15.452103209392254,6.71280877832317,6.510273423784288,8.941829785607965,7.7419592026670045,9.662304092455306,7.7419592026670045,1.9203448897883018,0.19874606216210686,302.52635821993016,1.0255910236986316,1.0319387181642898,457.19617678040606,454.904529319003,453.58884636684996,0.9921098849973788,0.9949876058073344,7.170206061206477,7.5177660103221715,-0.3475599491156949
483,0.058566562831401825,49.68719750467658,436.84681074118646,49.68719750467658,387.15961323650987,0.8862594477446828,420.24872920394034,5.160166632921624,30.94466766073438,389.304061543206,28.160644681790448,433.6689956015411,28.160644681790448,405.5083509197506,0.9350641965014609,19.124215525723542,2.4725124094063995,23.676433185885344,619.4551083197383,994.194501846003,600.5328902176902,0.9694534473153764,1.6049500415659483,374.7393935262646,49.45838906096256,325.2810044653021
547,0.004719841293990612,2.4826667210359084,7.478785088635059,2.4826667210359084,4.99611836759915,0.6680387667766214,12.64488551267322,8.521535819891906,8.400768989586036,4.244116523087184,2.004808010546627,7.8159310045325086,2.004808010546627,5.811122993985881,0.7434972226105852,30.375266087742364,0.9339986683653894,1.0073845245406758,654.5844941751908,659.910989547492,658.797288480119,1.006435829663574,1.0081372159281177,9.817609690696534,8.621234662382212,1.1963750283143213
1889,0.020209915935993195,13.870033192685508,301.86174155726815,13.870033192685508,287.9917083645826,0.9540517022093237,294.6570845104048,12.542656135957111,19.358701800787898,275.2983827096169,57.94296771688414,218.6447220900367,57.94296771688414,160.70175437315257,0.7349903205391642,828.7556769724442,0.9300843791157396,1.0000657516464015,909.260413631674,977.6309943330616,854.2862269763145,0.9395396678100312,1.0751936185457682,259.6782405090058,54.97418665535952,204.70405385364626
723,0.0022940589115023613,1.171369946725565,1.338085280708912,1.171369946725565,0.16671533398334715,0.12459245788506249,2.9744685734352982,2.330621432414626,2.741145605622642,0.23332296781265605,0.7636184932169575,0.7628552929637257,0.7636184932169575,-0.0007632002532318438,-0.001000452196204575,750.397600275263,1.001017618517086,1.001016601455927,447.8134798722032,448.69431946181635,448.5806450421454,1.0017131355004347,1.001966978729324,1.4046217697103458,1.260692421314264,0.14392934839608174
1419,0.040771231055259705,31.873812569492692,311.4051308688372,31.873812569492692,279.5313182993445,0.8976451913924377,303.33424593603564,6.620163690412002,22.293960010398948,281.0402859256367,15.318698297190409,222.51324887913742,15.318698297190409,207.194550581947,0.931156017116486,27.732600701016366,1.5256437839734425,9.023526220207057,976.5279420373396,828.8830219339634,854.1623456865453,0.8746931950605512,0.8488062514674765,147.6449201033762,122.36559635079425,25.279323752581945
668,0.0025936770252883434,1.2586563916130302,11.357945063525078,1.2586563916130302,10.099288671912047,0.889182736439263,13.12166503418938,2.184336852503894,2.37094700541807,10.75071802877131,10.65377850625301,12.25010175516555,10.65377850625301,1.5963232489125403,0.1303110195178103,750.1108056500647,1.0142029396537224,1.016331056242483,421.5423084441402,426.5878950060225,424.83380185484185,1.0078082160313875,1.0119693479416216,8.202773054957392,8.309579049520947,-0.10680599456355466
103,0.10675427317619324,91.68494950399135,1717.3209637892735,91.68494950399135,1625.636014285282,0.946611640201673,1589.0885353993392,21.309433779095052,103.43298997049564,1485.6555454288437,89.7858786376246,1465.2624345050583,89.7858786376246,1375.4765558674337,0.9387236876321389,751.8583155983025,0.8805813851161889,2.9488544638081895,976.6933048090796,2302.1151673378868,879.4920500567149,0.900479245353929,2.3570502183261057,1325.4218625288072,97.20125475236466,1228.2206077764426
550,0.004849673248827457,2.7203695827624763,23.032714730734646,2.7203695827624763,20.31234514797217,0.8818910573692627,25.503790996366956,3.9477021825754703,4.571122125896383,20.93266887047057,3.6426121007283236,3.530068753252465,3.6426121007283236,-0.11254334747585881,-0.031881347175509216,577.5815804493544,0.9969462732610987,0.9977165631192858,684.4230976558077,687.62739303316,684.6074633494854,1.000269373862906,1.0046817464055893,12.723424510454777,10.532199266187433,2.1912252442673434
143,0.03002125769853592,12.441138775316526,305.90150393635076,12.441138775316526,293.46036516103425,0.9593295926459219,306.50706371875555,10.989334205577814,17.961655649504813,288.54540806925075,6.302718869736151,250.43574542351826,6.302718869736151,244.13302655378212,0.9748329901585038,48.78984503282221,0.8708190430714395,6.132948162779437,1015.1027154060115,1197.4437957460564,946.8684137289798,0.9327808894199047,1.1796282066560266,182.34108034004487,68.23430167703168,114.10677866301319
853,0.2565925419330597,233.59544214843197,1802.0495802637877,233.59544214843197,1568.4541381153558,0.8703723556184078,1716.6397353693555,6.673034168567005,140.75421855130398,1575.8855168180517,391.87422847000136,1632.8077976795928,391.87422847000136,1240.9335692095915,0.759999781341748,25.873434731654452,16.145813941377057,64.10750059333867,938.2475276851244,1903.242798460985,826.4204675122714,0.8808128378992307,2.028508194587764,964.9952707758605,111.82706017285295,853.1682106030075
1668,0.09328757226467133,48.124679558227896,984.0416666191031,48.124679558227896,935.9169870608753,0.9510948761716859,973.294975643823,21.58564028427521,57.13328568823534,916.1616899555877,111.93985846556893,363.1048479988408,111.93985846556893,251.16498953327186,0.6917147785756739,734.4258995050545,0.8475818206560966,1.4943266476676027,527.2465915035709,1158.1667174149234,492.4079750451838,0.9339234866193512,2.1966319670500503,630.9201259113522,86.26966749894858,544.6504584124036
1810,0.00353626674041152,2.1776700336212604,6.251995433623975,2.1776700336212604,4.0743254000027145,0.6516840012535051,10.562911247609732,7.377172895329079,7.322587087411559,3.2403241601981723,6.057843285120536,6.893608063273557,6.057843285120536,0.8357647781530204,0.12123764079446984,736.6787316090255,1.008223181999417,1.0093576857420832,559.3302405061567,560.996645376407,560.7014567659077,1.0024515324944887,1.0029792862061997,7.174265282952504,6.47441302628927,0.6998522566632346
1358,0.07320918887853622,46.68826926984076,794.8976307070261,46.68826926984076,748.2093614371854,0.9412650541827461,770.4736976858778,5.600613035400232,41.34441862124287,729.1292790646349,126.13464603266156,283.9908333981775,126.13464603266156,157.8561873655159,0.5558495866808106,616.0634588825794,0.7952570563729823,0.5800014318462923,928.4230660486663,502.83296802650756,805.4997975194864,0.8675999412074747,0.5415989610927546,506.36696939309974,122.92326852917988,383.44370086391984
844,0.046350765973329544,31.583407004969903,714.5182246782474,31.583407004969903,682.9348176732775,0.9557976187112762,682.8129048471618,16.91449618232857,40.14067255752849,642.6722322896333,126.75416494325675,618.2398378062403,126.75416494325675,491.48567286298356,0.7949757404941249,922.800840666196,0.8626419056448309,0.8080242206316702,629.5493234297617,906.5416138868693,571.8841978080104,0.9084025294355115,1.4399850498576725,601.5684283070975,57.90427046801817,543.6641578390794
558,0.15484046936035156,92.39603291160566,817.7628846445945,92.39603291160566,725.3668517329888,0.8870136629497907,986.2287895688663,218.26800440857642,231.4822158279097,754.7465737409566,86.81540928279821,624.7808490892493,86.81540928279821,537.9654398064511,0.8610466223326946,918.455185761099,0.9054767062904036,1.4245790653022505,405.20698834089944,1275.7514146786466,408.0898148554602,1.0071144540876857,3.148394404307165,870.5444263377469,50.68524339740014,819.8591829403467
501,0.0568406917154789,37.65143562677735,465.0397563051614,37.65143562677735,427.38832067838405,0.919036092901119,557.0684092428244,134.7492697522552,132.98762915782925,424.0807800849951,61.578659734883296,260.1972729086401,61.578659734883296,198.6186131737568,0.7633385659791113,769.0928134769055,0.9199333829989916,1.0690164934928892,599.9576204902519,696.9365900355672,562.1978957474613,0.9370626800074054,1.161643033163025,446.40892542666506,50.86039783854206,395.548527588123
1475,0.010336779057979584,5.540010873228519,37.16835905299793,5.540010873228519,31.62834817976941,0.8509481985651,50.508215441272924,19.50304854724322,18.981719910185806,31.526495531087118,10.170404577600019,34.78568451883147,10.170404577600019,24.61527994123145,0.707626722938449,84.95413388952346,0.8802835823054134,0.9621142828901942,836.5846599132677,842.1926306671476,833.3703611143095,0.996157832012732,1.0067034109308928,17.77687511353243,13.16534337326046,4.611531740271969
1394,0.00015804596478119493,0.5012796246656525,0.0,0.5012796246656525,-0.5012796246656525,0.0,11.971774420817383,11.971774420817383,11.976413747585962,-0.004639326768579366,0.2682482498333343,0.0,0.2682482498333343,-0.2682482498333343,0.0,285.9690216280729,0.9990619674526068,1.0,389.39060444345125,389.39060444345125,389.2838231905281,0.9997257734220995,1.0,0.0,0.19461428128583647,-0.19461428128583647
594,0.028227712959051132,18.72926073898789,115.24760823208035,18.72926073898789,96.51834749309246,0.8374867728163888,162.19058663092193,69.90227681077545,68.6287737982427,93.56181283267922,42.744109772577225,69.86614062125768,42.744109772577225,27.12203084868046,0.38819992928632197,907.73270340829,0.9529111272381344,1.0769677465171512,907.73270340829,977.5988440295478,864.9885936357128,0.9529111272381344,1.0769677465171512,69.86614062125768,42.744109772577225,27.12203084868046
1458,0.10739092528820038,72.67803931862365,1665.0156471848459,72.67803931862365,1592.3376078662222,0.9563499361453418,1594.1303168214818,67.92329797246113,115.23108856683072,1478.899228254651,85.65135365032056,1770.3981937705196,85.65135365032056,1684.746840120199,0.9516202886154645,283.1015709318365,0.9675762209533445,7.253579547238845,974.9829695459263,2267.9544636070286,916.2411366793219,0.9397509139118996,2.326147773292154,1292.9714940611025,58.74183286660434,1234.229661194498
1075,0.107150137424469,56.78243107062822,195.51537502888525,56.78243107062822,138.732943958257,0.7095756225706584,313.2968552132233,213.53613237794247,214.7674322410216,98.5294229722017,99.87698756394491,275.12095616255937,99.87698756394491,175.24396859861446,0.636970629365903,909.5018392859555,0.9477133531518322,1.129550410241317,864.2123059656811,615.4576380219182,614.8325913022069,0.7114369779948755,0.7121602339765326,248.7546679437629,249.37971466347426,-0.6250467197113494
613,0.019190959632396698,12.970718430645704,63.52306335859498,12.970718430645704,50.55234492794928,0.7958108796261208,89.12450120283212,39.36431520153853,38.856177575553076,50.268323627279045,36.63074750521321,45.0976453778228,36.63074750521321,8.466897872609593,0.18774589674638026,898.4257661017713,1.005699273654094,1.0190099615779173,774.4449046708443,822.14652631536,780.829290090783,1.0082438213247102,1.0615945967967728,58.04078520366537,35.36673638417733,22.674048819488043
310,0.005022138822823763,3.049036789637414,19.794598612021858,3.049036789637414,16.745561822384445,0.8459662229379261,26.939084364268027,11.56910896929376,10.936985592143753,16.002098772124274,5.626153161917429,8.981642993387608,5.626153161917429,3.3554898314701784,0.3735942114310856,44.002672035012374,0.9246878806051595,1.2041158542881447,579.2940570709115,566.7757889651859,569.5851617605516,0.9832401261641608,0.9783904772491162,16.169169455515316,11.20304143187981,4.966128023635505
741,0.011120328679680824,6.627637765180788,36.97081525859545,6.627637765180788,30.343177493414665,0.820733253545446,50.51925307541212,20.91955782930032,20.56585655779124,29.953396517620877,22.136206548677098,22.380805193497366,22.136206548677098,0.24459864482026816,0.010928947493423298,520.904024974765,0.9575042512874622,0.9570346856225932,615.708260860619,603.6611749598471,587.5319852473681,0.9542376196579416,0.9804337757561791,40.74280622995773,28.176275613250866,12.566530616706864
1673,0.007833510637283325,5.494541021102661,40.782408278202396,5.494541021102661,35.287867257099734,0.86527178621672,50.131987291232676,12.515209430745836,12.636195058575336,37.49579223265734,11.224332075353535,8.76082586287032,11.224332075353535,-2.4635062124832157,-0.2811956602086934,565.4655031706078,0.980150279703328,0.9845068782909875,851.0340309037973,848.2331859143067,846.5091449832757,0.9946830728781596,0.9967088919035163,7.205638438369647,7.691320669301774,-0.48568223093212737
1747,0.001363375224173069,0.7247990753075089,0.6737916256047081,0.7247990753075089,-0.0510074497028008,-0.07570211288545345,2.2440814546659,2.0537534516378604,2.266242992154639,-0.022161537488738947,0.37851866847002685,0.3634224835875178,0.37851866847002685,-0.015096184882509078,-0.041538940391049536,749.1067120201569,1.000505293387973,1.000485141139114,507.82127284612017,507.86749780181907,507.8650168318127,1.0000861405144517,1.0000910260325249,0.6236176202667613,0.6294628863147693,-0.005845266048008058
709,0.002524043433368206,1.2035242101295227,6.4949141064704285,1.2035242101295227,5.291389896340906,0.8146974401200263,9.340170474721829,4.312119626924967,4.139206655990838,5.20096381873099,6.441180166146552,7.842645297829383,6.441180166146552,1.4014651316828308,0.17869801303786056,414.29583103080796,1.0155472966023344,1.0189300608657252,756.0055288093746,754.7610351911779,754.1081682006602,0.9974902820992559,0.9983538564590174,9.075518704578826,8.337270516913861,0.7382481876649649
1896,0.08465582877397537,45.1183476692014,300.5531497166839,45.1183476692014,255.4348020474825,0.8498822996473929,416.4069418970792,166.2555032044996,164.24795994268464,252.15898195439456,36.25297721126825,332.3029651076234,36.25297721126825,296.0499878963551,0.8909038407179817,916.1014969133533,0.9852532451572314,0.9052792202209644,668.2686820746927,777.1048629863204,649.6206141153973,0.9720949545302632,1.1628629080353388,386.27542026142874,41.391520984489304,344.8838992769394
1067,0.1574256271123886,90.6160484363952,1644.435146406709,90.6160484363952,1553.8190979703138,0.9448953346476434,1657.3302909381944,115.4338598636371,154.7913249440862,1502.5389659941081,67.54997494907109,1348.9324034355182,67.54997494907109,1281.382428486447,0.9499233803139193,453.59791071837327,0.8510796162131994,3.973850565799969,618.1388278361273,2187.733976559272,711.5465918216411,1.1511113034469933,3.539227561901765,1569.5951487231448,93.40776398551371,1476.1873847376312
114,0.016412939876317978,10.700191983081943,34.90162693293206,10.700191983081943,24.201434949850118,0.6934185330774485,57.7373777023283,37.04904692271133,37.185613207987736,20.551764494340567,40.30273641775788,41.98326236595536,40.30273641775788,1.6805259481974844,0.04002847452751169,850.8670887980658,0.9526333349257997,0.9506582603573716,588.9339341429073,584.2257503425496,561.5161813054528,0.9534451128591251,0.9920055824135696,47.345078271330124,27.417752837454504,19.92732543387562
1535,0.03092081844806671,24.895494786413003,308.1589496230473,24.895494786413003,283.2634548366343,0.9192121636679181,296.6735746472665,6.603462060747745,20.6048926828246,276.0686819644419,44.51511401326517,193.96989710128673,44.51511401326517,149.45478308802157,0.7705050387791856,381.67499493992597,1.1166309415168045,1.5082069815231591,603.7644981158041,736.8555313154822,572.7458640031456,0.9486246140515717,1.220435341287905,133.09103319967804,60.096555662173216,72.99447753750482
224,0.1849917769432068,86.54714382070952,1569.529651773123,86.54714382070952,1482.9825079524135,0.9448579109525355,1621.7420978913124,108.36035535182327,142.29212758925092,1479.4499703020615,240.3289602354067,761.7109660912402,240.3289602354067,521.3820058558334,0.6844879870002826,773.9807808430072,0.7169941761986146,1.984147132518713,905.3543424835306,1969.4106657276243,788.7055942616253,0.8711568026482104,2.175292670851082,1064.0563232440936,132.61466703177427,931.4416562123193
1274,0.08160194009542465,64.24239439671305,988.6715312458874,64.24239439671305,924.4291368491744,0.9350214986814103,930.9734357115842,11.641871372672032,58.505141851252475,872.4682938603318,39.526466677246816,758.6747187463774,39.526466677246816,719.1482520691305,0.9479006408140767,333.33224017181965,1.0340596613349051,3.276031620449646,857.1580104976629,1267.8661399741407,764.5805641577762,0.8919948886832002,1.4791510135196917,410.7081294764777,92.5774463398867,318.130683136591
1008,0.005915279965847731,3.1387174771425856,10.881676184674042,3.1387174771425856,7.742958707531456,0.7115593752400743,17.66100941773368,11.345376264325054,11.11548909978831,6.545520317945371,1.9842355836476788,16.792742642748884,1.9842355836476788,14.808507059101204,0.8818396955243952,39.13221301372097,0.9492940615714235,0.8654797810617373,537.3957871120045,537.7193436724135,535.4714162604065,0.9964190808753085,1.0006020824282003,12.909575828986993,10.318252631083661,2.591323197903332
690,0.016704145818948746,9.454026309688437,29.68785350790575,9.454026309688437,20.233827198217313,0.6815523794210696,48.59150165676249,32.77274272156373,31.979632047437956,16.611869609324533,15.110331552313918,17.830244472026067,15.110331552313918,2.719912919712149,0.1525449033511251,377.7491074279376,0.9744960569525802,0.9840071193221437,651.5722794664356,661.1355857571441,667.1179157193021,1.023858651975797,1.014677276170404,33.004895193133294,22.200364039160434,10.80453115397286
1290,0.04705993831157684,23.753707872005634,491.5181537591943,23.753707872005634,467.7644458871887,0.9516727760911083,485.3155845184882,10.671567887895392,26.666350822473184,458.649233696015,106.11184490072075,229.6062113121337,106.11184490072075,123.49436641141294,0.5378528991253243,576.6425728367168,0.8159833319646908,0.601822303575998,711.9836660017319,837.1479089941408,638.2221804132547,0.8964000311935558,1.175796509062196,470.03121683704313,73.76148558847706,396.2697312485661
40,0.019882798194885254,8.989695185683445,165.24992860881176,8.989695185683445,156.2602334231283,0.9455994004877042,173.41027214048094,12.890520652822625,15.600061382014323,157.8102107584666,39.938572011877945,171.93717763973675,39.938572011877945,131.9986056278588,0.7677141583912586,754.1439295251226,0.9470411808034751,1.2279898715726638,623.027069819108,747.1356545665158,594.4759466004717,0.954173543010056,1.1992025559715118,134.68096087868045,28.551123218636253,106.1298376600442
308,0.014486107043921947,9.684896438454025,73.19771406885152,9.684896438454025,63.5128176303975,0.8676885397084371,88.59798693816832,22.112202432008722,22.200374061627002,66.39761287654132,72.75246565095472,87.40516340611208,72.75246565095472,14.652697755157362,0.16764110018393635,781.8951400636747,0.9069536796903097,0.8882137016493106,752.6193730021398,744.1444245257753,713.0132294702669,0.9473755992037687,0.9887393963265142,79.66941941438994,39.6061435318729,40.06327588251703
1854,0.007020627614110708,3.6155431424692543,43.15281143826052,3.6155431424692543,39.537268295791264,0.9162153513997094,51.317513138163264,11.82568466074509,11.52649876765795,39.791014370505316,7.548841728894587,25.201186690458844,7.548841728894587,17.652344961564257,0.700456894287737,44.86521205429238,0.8317439864151412,1.4009308929859283,1019.6804670904652,1082.7542145785617,1054.0756027978232,1.0337312882000185,1.0618563849399507,63.0737474880965,34.39513570735801,28.678611780738493
266,0.01112909335643053,5.970870353348794,48.15152270027593,5.970870353348794,42.18065234692714,0.8759983066264574,52.41020303820797,6.682720623670823,8.24206818288455,44.168134855323416,44.38976573385901,49.56971014611679,44.38976573385901,5.1799444122577825,0.10449817836313434,398.6934278008052,0.8886619075245028,0.8756696080506179,779.4344349517559,736.7690678386846,738.9381383510615,0.9480439985908489,0.945261121141367,42.66536711307138,40.496296600694436,2.1690705123769476
899,0.017904046922922134,9.62359038962094,35.0283824192431,9.62359038962094,25.40479202962216,0.7252630659777727,55.1053748067919,35.92317308985111,35.22012903671641,19.885245770075493,4.191672289948021,47.01928870955239,4.191672289948021,42.82761641960437,0.9108520693317836,145.8505955834224,0.9712605061831886,1.322379819715297,1000.631080246193,1036.361151458504,1025.9772826098038,1.0253302169640528,1.0357075368911388,35.73007121231109,25.346202363610587,10.383868848700502
1805,0.05669860169291496,48.16994408472293,63.27318138067877,48.16994408472293,15.103237295955843,0.23869887630729753,133.49601861467107,118.42935067094717,121.99966560738127,11.496353007289798,43.55949656965,20.146409412664337,43.55949656965,-23.413087156985664,-1.1621468956283518,852.695992544217,0.9489155608205919,0.9763732800566437,1137.7260060101348,1123.8540251772813,1100.0374190990692,0.9668737580823744,0.9878072745462672,13.871980832853524,37.68858691106561,-23.81660607821209
543,0.0078291529789567,6.215992268566506,16.572951071421585,6.215992268566506,10.356958802855079,0.6249314776964876,27.303821307324483,17.871637206766284,17.573808763952076,9.730012543372407,22.46280064835973,20.09745146257353,22.46280064835973,-2.3653491857861972,-0.11769398673215196,768.4058542839362,0.9707670100076313,0.9738452650373128,648.572811006606,627.9628830418154,627.191839215778,0.967033814202535,0.9682226457615402,20.609927964790586,21.38097179082797,-0.7710438260373849
825,0.02316633239388466,15.38895329795062,237.21966550877676,15.38895329795062,221.83071221082614,0.9351278349333089,234.06163142148677,10.213798113440081,17.823895432386315,216.23773598910046,65.10013073253992,90.15932469082713,65.10013073253992,25.05919395828721,0.27794345226319944,776.356144559798,0.9161465634184525,1.1161313983570627,863.0394184959526,934.4596513841055,801.6707744853304,0.928892420559919,1.0827543115152485,160.7986507374084,61.36864401062223,99.43000672678616
1134,0.041034895926713943,24.298602414416173,79.61411670121748,24.298602414416173,55.31551428680131,0.6947953023757583,129.3748369010843,84.33329864998352,86.55925975474993,42.81557714633438,50.20737862474181,112.6802783566311,50.20737862474181,62.4728997318893,0.5544262105402656,760.2465524343392,1.0660409158896886,1.1482154414193981,590.0123010328603,663.8151170710455,606.7940383051257,1.0284430294807205,1.1250869107457386,73.80281603818524,29.805954295881747,43.996861742303494
1753,0.12995287775993347,71.32563529259025,286.89335961191983,71.32563529259025,215.56772431932959,0.7513862454360313,457.2936063923606,303.2108439578858,292.7744122700132,164.51919412234736,236.42585674773736,340.52804944776557,236.42585674773736,104.10219270002821,0.3057081285046878,1242.3567613999974,0.8096956815518017,0.7259015606241571,962.0659295789901,1098.1909011989862,950.0976288407314,0.9875597915170989,1.1414923524831253,327.255526015628,60.342497918454,266.913028097174
417,0.07171818614006042,48.03311580356673,420.732425607644,48.03311580356673,372.6993098040773,0.8858345283604069,502.1582970161353,112.79428571204213,120.31272098875758,381.8455760273777,53.18126542263834,175.21380512147428,53.18126542263834,122.03253969883593,0.6964778809194389,567.3126769632744,0.9572576184291026,0.7720579646830996,627.3088270074843,795.9726412164756,580.4683630815161,0.9253310938578435,1.2688688680081,277.5146615581294,46.840463925968066,230.6741976321613
1431,0.062070008367300034,26.637837323253883,490.87193531097864,26.637837323253883,464.23409798772474,0.9457336315094522,536.3751354734309,64.83259403053991,68.83411916248963,467.54101631094125,47.178270404499166,444.0915514889562,47.178270404499166,396.913281084457,0.8937645396623304,807.1482458326122,0.9415494357472927,0.4498017510638899,683.40331512424,624.651062228812,653.4972864970224,0.9562395616682358,0.9140298977262832,340.7723944106508,31.27371513872545,309.49867927192537
1581,0.006035189609974623,4.371819411680506,22.262247284016723,4.371819411680506,17.89042787233622,0.8036218286543213,31.00742678710594,14.09505134972527,13.642009429664707,17.36541735744123,41.26820390667933,43.489071562550556,41.26820390667933,2.220867655871224,0.051067258418633715,483.64020024069106,0.9146716838547715,0.9100797006929787,803.1709150938361,771.3256411673174,772.5078221077551,0.9618224559557182,0.9603505638363433,31.8452739265187,30.66309298608104,1.1821809404376609
537,0.025632936507463455,15.56988459940709,162.19383176522564,15.56988459940709,146.62394716581855,0.9040044591711455,168.4292767962001,11.996524552979494,17.329345975664417,151.0999308205357,52.56198140825929,20.342425800248765,52.56198140825929,-32.21955560801052,-1.583860053092415,728.2584150800508,0.9278250957079821,1.0120080573329262,800.7537402800035,742.8595085149327,748.3731112277869,0.9345858452888395,0.927700329261245,57.89423176507074,52.38062905221659,5.513602712854151
1449,0.17508020997047424,99.37871970332263,1764.7773428834812,99.37871970332263,1665.3986231801587,0.9436876724964368,1737.0428624352442,35.72191275903834,110.81461016362613,1626.228252271618,90.55186362350804,2189.5241069746303,90.55186362350804,2098.9722433511224,0.9586431301052777,153.3972280182427,1.5903096476602512,15.273557190448335,1031.1656574840013,2161.7033259309715,928.7422699778076,0.9006722278202106,2.096368619573146,1130.5376684469702,102.42338750619365,1028.1142809407766
490,0.12041082233190536,85.86691033934369,267.68271050096234,85.86691033934369,181.81580016161865,0.6792213057815888,412.42684781311533,270.9477902377434,271.3466417225119,141.08020609060344,75.01583601168711,100.13820830442069,75.01583601168711,25.122372292733573,0.25087699009314635,1417.4917075533224,0.9623760503420246,0.9536243224781383,1339.1985315151078,1207.9995787332027,1307.4844049355584,0.9763185772436074,0.9020317378682662,349.6374153561633,47.977276104126645,301.66013925203663
1077,0.0063768429681658745,4.054686445170404,25.207644483466115,4.054686445170404,21.15295803829571,0.8391485389350876,35.151001001424035,15.097364670790968,14.900417754001857,20.250583247422178,21.261753126957387,21.054589769745785,21.261753126957387,-0.20716335721160206,-0.009839344270164014,546.2704432304694,0.9610783387780929,0.9614575710059736,678.9011739135619,682.8084126353879,675.4510475332964,0.9949180727433758,1.005755239307221,18.85843622738338,20.088851560202745,-1.2304153328193657
1015,0.016684507951140404,11.551868391216239,110.33358759287849,11.551868391216239,98.78171920166224,0.895300527760942,113.28557164772187,8.182921276884867,12.801546561882434,100.48402508583943,29.556434673645764,26.320275522613553,29.556434673645764,-3.2361591510322114,-0.12295308794361993,287.94182240868093,0.8973527554059313,0.9610400423832488,685.63090527679,707.3062684532316,653.7524811819171,0.9535049778976874,1.031613748752605,42.86971195991012,31.878424094872912,10.991287865037208
1399,0.0393511988222599,29.081553464869536,302.78129439103554,29.081553464869536,273.699740926166,0.90395194814343,300.27761850707014,12.067842027968265,24.59046967000772,275.6871488370624,88.91097458576286,125.54063210757295,88.91097458576286,36.62965752181009,0.29177531534509843,693.1205059040362,0.8717236413748911,0.8188761823691386,911.7630443920024,764.2580095349902,821.7293118814956,0.9012531456892459,0.8382199895419384,147.50503485701222,90.03373251050675,57.47130234650547
1326,0.031982775777578354,22.19499100979512,62.018219380359774,22.19499100979512,39.82322837056465,0.6421214405774452,97.88015307689861,65.56390227907441,64.9855436850258,32.894609391872805,29.814965353911287,29.8498943412723,29.814965353911287,0.03492898736101324,0.0011701544722963484,817.3623563272813,0.9706599377617864,0.9715058961637106,812.3173291318508,842.9916388612401,832.9670728048842,1.0254207843812744,1.0377614863420086,44.41057460969383,34.847811967600514,9.562762642093318
323,0.14980746805667877,144.40369963640978,1777.7258571000893,144.40369963640978,1633.3221574636796,0.9187705466173688,1656.1816120264973,6.855032710186583,114.61145674619122,1541.5701552803062,56.07294552395337,1699.7157396035946,56.07294552395337,1643.6427940796411,0.9670103981404381,25.333046636504264,3.213430793718814,68.09480166330836,943.1248558731236,2488.232124380811,930.9694697803877,0.9871115833528927,2.6382849618328237,1545.107268507687,29.462455666788173,1515.6448128408988
1259,0.002099155681207776,1.269470418089706,1.345729126804907,1.269470418089706,0.0762587087152009,0.056667205306210396,3.565484171242579,3.1117055658319934,3.4669554326733425,0.09852873856923638,0.24421256958601134,0.21273848117887914,0.24421256958601134,-0.0314740884071322,-0.1479473212026343,777.190756969168,1.0003142247477805,1.0002737274977491,604.269694474413,604.0213409064012,603.9987389481537,0.999551598352959,0.9995890021123303,1.2081092391791657,1.2430705027308449,-0.03496126355167917
401,0.10103774815797806,68.9749972345795,1003.1080137081874,68.9749972345795,934.1330164736079,0.9312387137855676,962.4914851950296,21.17246021786349,64.33266506975785,898.1588201252717,109.18865493359236,957.8537562785351,109.18865493359236,848.6651013449427,0.8860069669113023,81.7954605701348,1.3689346850452102,12.71035347930136,756.860653646522,944.9138663266743,665.7903587980236,0.8796736302650618,1.2484647758793115,188.0532126801524,91.07029484849829,96.9829178316541
318,0.004207051824778318,1.9595892634460443,6.1440693840508045,1.9595892634460443,4.184480120604761,0.6810600367676707,10.307381228125788,6.560178076301415,6.646943129675214,3.660438098450574,5.311832774897351,5.70199515290913,5.311832774897351,0.39016237801177933,0.06842558921024694,27.68693894387035,1.1918533784347203,1.2059453074414896,974.6295149597914,972.7066144633741,972.7131651849421,0.998033765912652,0.9980270446698952,1.9229004964173555,1.9163497748493228,0.0065507215680327135
313,0.07319249957799911,44.540773965372125,837.2549534226814,44.540773965372125,792.7141794573092,0.946801420781937,883.9501430487801,116.33036277255918,121.79142987141691,762.1587131773632,23.05439316701599,395.703755197607,23.05439316701599,372.649362030591,0.9417382502334277,494.5006328415179,1.0314759762978776,1.5451581013933864,1228.9941613117169,2107.4089434944167,1196.9002639879016,0.9738860457322587,1.714742844054816,878.4147821826998,32.09389732381533,846.3208848588845
7,0.2745959758758545,139.6923440205873,1337.5998864746987,139.6923440205873,1197.9075424541113,0.8955649253314812,1631.1521820936764,378.7822723453128,383.2699847092391,1247.8821973844374,46.456100140557965,1261.0893599534381,46.456100140557965,1214.6332598128802,0.9631619283963563,1338.2865514681641,0.9772249184931454,1.9423163959691316,782.6285669168017,1660.1700623648806,446.0450032484657,0.5699319218638784,2.1212745516116165,877.5414954480788,336.583563668336,540.9579317797427
290,0.0024367948062717915,0.7834736459915373,1.6559340503803919,0.7834736459915373,0.8724604043888545,0.5268690526584907,2.74629788329863,1.8425249742965848,1.9237018276259126,0.8225960556727174,1.5534653225463089,1.3841978338480683,1.5534653225463089,-0.1692674886982406,-0.1222856188321558,20.831892173339444,0.9254285059839918,0.9335539075216818,384.26053899312797,384.95999787876053,384.8245866107406,1.0014678780680697,1.0018202724835221,1.6640027717577912,1.616269746502417,0.04773302525537426
